upc,n_obs,elasticity,std_error,t_stat,r_squared,descrip
1313000002,18375,-0.3906590766737244,0.04134307574732128,-9.449202063758793,0.004931670785842557,NAB SHREDDED WHEAT
1313000005,14820,-0.4290329806520193,0.12901757039744666,-3.3253841265988537,0.005028513391031275,NABISCO SHREDDED WHE
1313000032,13554,-0.7529453811850183,0.049053712419767005,-15.349406681839772,0.018292403819360148,NABISCO 100% BRAN
1313000050,17969,1.5221640593511743,0.0632905689039189,24.05040886363281,0.031468259725864534,NAB SPOON SIZE SHRED
1313000054,20500,0.20699562174322048,0.06310565697780827,3.2801436773887405,0.001101666940062307,NAB SPOON SIZE SHRED
1313000148,10511,-2.366361781819651,0.063784187148109,-37.09950518495878,0.12331431122763992,NABISCO TEAM FLAKES
1313001041,5006,-1.0356705200573566,0.2656133785983595,-3.899165492049327,0.003451080202298673,NABISCO OAT BRAN RAI
1313001059,15059,0.23051018866262493,0.09315754815534431,2.4744123608560313,0.0009731467506247649,NABISCO WHEAT N BRAN
1313001145,2439,-1.8811439367767326,0.3741739847454582,-5.027457849739155,0.03095697891676552,NABISCO FRUIT WHEATS
1313001146,1660,-3.4543677501548955,0.3136668186717648,-11.0128567783566,0.07664477929721014,NAB RASPBERRY FRUIT
1313001854,5526,-2.439005264544943,0.24513590648019287,-9.949604281011425,0.02045837769866432,NAB SHRED WHT W/OAT
1313005152,6119,-3.4289155714225457,0.12748129085605472,-26.89740234348819,0.1806386930370576,NAB FROST WHEAT SQUA
1313005154,1858,0.7832914786593216,0.23857613865234714,3.283192875381108,0.005737811919437452,NAB FROSTED WHEAT
1313018155,3789,-2.000862382124926,0.17500221505133137,-11.433354609471865,0.08041198202685818,~NABISCO FROSTED WHE
1600062360,531,-0.9762699950857179,0.45081381105651414,-2.1655725071904075,0.007969787096015035,TRIPLES/KRAFT MARSHM
1600062370,9160,-4.1096403650733615,0.1061816788667899,-38.703855589146464,0.17032666223041526,$ GEN MILLS TRIPLES
1600062380,6566,-8.472717441701471,0.23804150918925715,-35.59344532203061,0.20129360905083116,G. MILLS TRIPLES
1600062640,1003,-0.5357979525673047,0.6121531622575737,-0.8752678015928614,0.007006464100213217,G.M. BERRY BERRY KIX
1600062680,17944,-3.5516435809926215,0.05939538656645816,-59.79662371619802,0.197651669151779,BERRY BERRY KIX
1600062750,29347,-3.1386360190443043,0.037656463671649876,-83.3491972696115,0.21940244416482946,APPLE CINNAMON CHERR
1600062760,28406,-3.176297006333884,0.05560023968363815,-57.12739773077982,0.12856461921816809,APPLE CINNAMON CHEER
1600063100,5148,-3.436313316450122,0.07797882234585381,-44.06726356047403,0.355897497382909,~RIPPLE CRISP HONEY-
1600063110,6402,-3.4776286439060344,0.06084099382945348,-57.15930041600494,0.33360299903139445,~RIPPLE CRISP-GOLDEN
1600063830,20147,-2.303515019879925,0.054703814400726795,-42.10885557277191,0.11005154316962396,WHEATIES HONEY GOLD
1600063840,3882,-2.5703311640704722,0.21129394976247978,-12.16471729057949,0.04215831006224391,WHEATIES HONEY GOLD
1600064300,6374,-4.81500410456173,0.06698986282616977,-71.87660791388777,0.5390594575817906,FROSTED CHEERIOS
1600064310,6213,-4.1238425285936735,0.09687672258948017,-42.56794014459652,0.2232353174457148,FROSTED CHEERIOS
1600064360,6453,-2.427507020255569,0.16847714020761975,-14.40852460615176,0.05848901036303644,BIG G BREAKFAST PACK
1600064380,1378,1.3960420647206497,0.5060120495959699,2.758910713362128,0.008044496755777453,GENERAL MILLS SUN CR
1600064400,3260,-4.3340326693197575,0.21555647677066142,-20.10625119806025,0.1335147637359978,GENERAL MILLS SUN CR
1600064450,5547,-2.8949410494284638,0.19251919353979374,-15.03715549707037,0.03495283327452947,BIG G SPRINKLE SPANG
1600064670,8201,-3.079423311120359,0.07647224633698659,-40.26850862403612,0.17131274637600602,GM PEANUT BUTTER PUF
1600064730,2844,-2.106726762691604,0.19982028083808015,-10.543107805952603,0.041977740129809926,~GM HIDDEN TREASURES
1600064820,17465,-1.048327922341882,0.06290688930520687,-16.66475538562532,0.02854540434053221,BASIC 4
1600064840,4341,-2.788005265058501,0.14316305615754363,-19.474334649509323,0.07297250629896435,BASIC 4
1600065110,6285,-2.4466211999141056,0.3699870834420851,-6.612720577033551,0.010802346471310842,GM N.V LOWFAT GRANOL
1600065120,2411,-4.188614085487478,0.18454965058281725,-22.696407564357994,0.1962007939162127,B.C CINN STREUSEL CE
1600065130,2461,-5.082446211463394,0.1507469687231835,-33.71508067134859,0.3107034868958759,BC DUTCH APPLE CEREA
1600065400,2589,-0.4688260421551505,0.22525253593070754,-2.0813352454303615,0.0027254580615803103,SMORES CRUNCH CEREAL
1600065600,12868,-0.16048549810630752,0.12479895940675242,-1.2859522136177701,0.00015566020775770184,G.M. FIBER ONE
1600065620,13147,-0.25837675295119095,0.06462614752140382,-3.9980218976478215,0.0014292550437935425,G.M. FIBER ONE
1600065700,29757,-1.9631216506628235,0.04264485679316968,-46.034194936662374,0.11149042135705667,CINNAMON TOAST CRUNC
1600065720,29014,-0.9615697665603089,0.040489128575670004,-23.748838277989467,0.02182714645317374,CINNAMON TOAST CRUNC
1600065850,29725,-2.8148461626576227,0.0351812390840319,-80.00986423287257,0.2563023696957054,WHOLE GRAIN TOTAL
1600065890,29747,-1.3974114285278285,0.053254785173739126,-26.240110141631305,0.04375679305553126,TOTAL
1600065910,21308,-1.7162746029443858,0.04496297810356207,-38.1708391065942,0.08994043403717,GENERAL MILLS CLUSTE
1600065920,4349,-3.3602829300724633,0.11237912436698125,-29.901309064299554,0.13546906649630552,GENERAL MILLS CLUSTE
1600065960,28565,-1.2056674514481274,0.0364859913742031,-33.04466744736933,0.04566941227864607,TOTAL CORN FLAKES
1600065980,17673,-4.063482670974421,0.07114646129112445,-57.11433284569197,0.22166925169098173,RAISIN NUT BRAN
1600065990,19721,-1.5497579426673065,0.05720163844982867,-27.092894271316947,0.05983180114170328,GM RAISIN NUT BRAN
1600066110,29503,-2.3149389885433362,0.03772458183556058,-61.36420540415877,0.17758029714767265,WHEATIES
1600066210,29732,-2.988972129362358,0.033464601937588476,-89.3174266628599,0.2442459940941899,WHEATIES
1600066310,29542,-2.7768911812174744,0.026546779858435374,-104.60369189881624,0.2816687607546776,KIX
1600066370,20503,-1.1507121655644938,0.06625762175877689,-17.367242213339228,0.020722911888387374,KIX
1600066510,29379,-2.551399206378338,0.03232281218917852,-78.93493893555868,0.23282633430589073,CHEERIOS
1600066590,29537,-3.3849461650920696,0.034852939907369096,-97.12082177539281,0.3947498462904204,HONEY NUT CHEERIOS
1600066610,29679,-3.2360325242398367,0.03467205036891634,-93.33259757666237,0.30529502984292933,CHEERIOS
1600066660,29229,-2.980437536878998,0.03800095330145493,-78.43059918091284,0.18318786440268875,CHEERIOS
1600066740,1059,-1.3034795298003274,0.21842072895629353,-5.9677464498397335,0.0525964957497721,CHEERIOS CRAYOLA TRA
1600066750,29264,-3.2737591741974774,0.04869301690067996,-67.23262148400096,0.15527928420797588,HONEY NUT CHEERIOS
1600066970,9930,-5.678865243081861,0.12255632393172382,-46.336778559428396,0.2152437236102095,OATMEAL CRISP W/RAIS
1600067030,21509,-1.7952343825663992,0.0521110192492525,-34.45018747339414,0.058647969112143206,OATMEAL RAISIN CRISP
1600067070,10769,-2.9788868083890576,0.11496494148583086,-25.911262771844214,0.06705889376210683,OATMEAL CRISP CEREAL
1600067110,8982,-2.5737361828701117,0.07052081067771576,-36.49612303284823,0.11772613927081998,BIG G OATMEAL CRISP
1600067140,9623,-2.5054675509973707,0.06984984806360789,-35.86933429999444,0.10622283124455612,OATMEAL CRISP WITH A
1600067350,639,-1.7906843121076286,0.5013790477416769,-3.5715180364502075,0.021439197335818228,BIG G TRIAL SIZE PAL
1600067400,28776,-2.4363375114137473,0.05789375981031665,-42.08290357019778,0.06267282355551607,TRIX
1600067440,29698,-3.770731395591398,0.03997646617985666,-94.3237798615475,0.2603320363514334,TRIX
1600067460,880,-1.2098446007999755,0.27708201746500916,-4.366377189933514,0.023105674288749656,TRIX/CHEERIOS CRAYOL
1600067720,516,0.3802256351729156,0.9101094218029727,0.41778013287640664,0.0006226517495210304,BIG G TRAIL SIZE PAL
1600067970,29613,-1.9998492345691665,0.046354616179166745,-43.14239658116214,0.10108954596141928,GOLDEN GRAHAMS
1600068050,27453,-2.4636952097463434,0.03603354339618708,-68.37227143215235,0.27274329976887524,GOLDEN GRAHAMS
1600068100,751,0.7404130857450055,0.7209491581571215,1.0269976424379736,0.0034763126041242876,BIG G TRAIL SIZE PAL
1600068170,6495,-5.457585452610781,0.22093005181760575,-24.702775415616273,0.12574096039741134,COCOA PUFFS
1600068260,23586,-1.839849137229908,0.044135007549313564,-41.686843152211566,0.1183861522860622,COCOA PUFFS
1600068270,517,-0.2769117668574175,0.6221077509512735,-0.44511865739333406,0.0004254646616161928,BIG G TRIAL SIZE PAL
1600068290,9090,-3.4132749376520795,0.06809183678998285,-50.12752039836609,0.2248121099343745,HONEY NUT CHEERIOS
1600068310,25430,-1.7056157790595712,0.06273766688968314,-27.186471279824563,0.05157125466563328,GM TOTAL RAISIN BRAN
1600068330,22525,-0.9915208345425842,0.050014126433339294,-19.824815612127512,0.02026156458408135,TOTAL RAISIN BRAN
1600068360,6926,-0.08314214611365482,0.10305276055794364,-0.8067920321931246,0.0001020471755381891,TOTAL RAISIN BRAN
1600068450,15304,-4.597106014530793,0.20628102684267596,-22.285646357756697,0.1878756553539287,CRISPY WHEATS & RAIS
1600068500,656,-0.04566885431440159,0.8468753680135015,-0.05392629900374373,6.3530080194329486e-06,BIG G TRAIL SIZE PAL
1600068560,8410,-2.1737059279510107,0.1074483064387675,-20.23024838636949,0.04943903131367566,FRANKENBERRY CEREAL
1600068640,24591,-1.1904964579669415,0.04438707041871202,-26.820793684664313,0.03337691760808004,COUNT CHOCULA CEREAL
1600068780,18952,-2.9961905135601823,0.05792565544654957,-51.724758062079985,0.1584230574843305,MULTI GRAIN CHEERIOS
1600068790,12341,-3.0463677409632175,0.0819147951906719,-37.189469055891934,0.13066442279033375,MULTI GRAIN CHEERIOS
1600068870,29684,-3.01548250362866,0.03467142272870082,-86.9731400186373,0.3082240300360807,LUCKY CHARMS
1600068879,1320,-1.005881842923471,0.544161016695392,-1.8485003740842008,0.004917814115645958,HOLIDAY LUCKY CHARMS
1600068890,27715,-2.160624425460754,0.05955108588814315,-36.281864440207336,0.06301594496802221,LUCKY CHARMS
1600068920,6785,-2.527244993563549,0.18573346115676403,-13.606837334660371,0.04291458086348254,GENERAL MILLS KABOOM
1600069270,14579,-2.4219623243337947,0.062123565508233725,-38.98620925118654,0.09986979323083811,HONEY NUT CHEERIOS
1600069820,1961,-4.422062693608316,0.20437011284521145,-21.637521416634716,0.2989170046983858,GEN MLLS FRENCH TOAS
1600069880,2741,-0.5458082129045911,0.07002000925070798,-7.795032002214031,0.0298786506888028,SINGLE VARIETY PACK
1600069900,2943,-0.8875887867054081,0.06315361779937238,-14.054440863944123,0.08532518904519948,HONEY TOASTED OAT FI
1600069910,3086,-0.7188144409786879,0.06656592361128753,-10.79853477548382,0.05082231963686312,CINNAMON FINGOS
1600084320,2239,-5.667838290449488,0.24822198124277361,-22.833748494280435,0.2868339854069424,FROSTED CHEERIOS
1600085930,497,-0.16741971241146908,0.6050437328444467,-0.2767067954317804,0.00017788612740565757,BIG G TRIAL SIZE PAL
1600085970,528,0.24055439345341303,0.73123776888854,0.3289687755311773,0.000336918590974733,~RAISIN NUT BRAN
1600086980,6842,-2.9767440154328795,0.5597882874170351,-5.317624684803816,0.004603300772951013,GM RAISIN NUT BRAN
1600087030,6360,-3.2728301816781236,0.36884939527759875,-8.873079971338893,0.011821133602298639,GM OATMEAL RAISIN CR
1780010207,8270,-1.8778991567483343,0.14030586104645715,-13.384324380622537,0.07033104283194169,~RALSTON BANANA WALN
1780010304,2560,-3.56459292772207,0.0819336582971908,-43.50584365209879,0.2912911150917725,MUESLI APPLE ALMOND
1780010359,17131,-2.017125275745567,0.07647004994082264,-26.377977748236674,0.09898604017190804,~MUESLI W/ CRANBERRI
1780010375,12728,-2.4151342255575874,0.07768356156576424,-31.08938592514219,0.11702566090848598,RALSTON MUESLI RAISI
1780010537,14899,-1.6582400986935824,0.09182478557976452,-18.05874185519481,0.056039097115433756,~RASPBERRY ALMOND MU
1780010605,1146,-0.7262061269437373,0.11248946153739235,-6.455770318558605,0.03530695377231485,~MUESLI STRAWBERRY P
1780010618,1639,-2.087787910884388,0.14046296905526348,-14.863617969395,0.10673531833939187,RALSTON BLBRY PECAN
1780013136,3603,-3.7512614652327536,0.09880510137178365,-37.96627312913241,0.294842904874169,ALMOND DELIGHT BONUS
1780013217,13680,-2.786918273006104,0.07880095466791277,-35.366554691512114,0.18794878670043413,~HONEY ALMOND DELIGH
1780013709,7342,-2.400190076032756,0.17466270304832474,-13.741858073550391,0.04169823381812765,~RALSTON GRAHAM CHX
1780013741,716,-1.5635787703435866,0.5816089819783345,-2.6883676469801,0.010266523260436755,GRAHAM CHEX 40% BONU
1780014216,1939,2.857342949926059,0.4686719161246413,6.096680538387884,0.016284225520152518,BILL & TED'S CEREAL
1780014313,1482,-3.3922670554908914,0.6038870318570684,-5.617386823259013,0.17144090871658324,URKEL-O'S CEREAL
1780014407,5314,1.774248304854383,0.3175915915408439,5.586572038152356,0.0056192825291535575,OAT BRAN OPTIONS
1780014973,1856,-0.9354095563052987,0.24695871943259393,-3.7877162566054436,0.00808913061359906,RALSTON DOUBLE CHEX
1780014986,20090,-2.0301248789866784,0.030966796513035254,-65.55811732518447,0.17947923947891864,RALSTON DOUBLE CHEX
1780015011,23851,-1.1277482375751904,0.04398085755498211,-25.64179736980686,0.03601320402187358,RALSTON/WHEAT CHEX
1780016049,3207,-3.6525292920345405,0.43713255837812587,-8.35565601790533,0.0305188349471458,RALSTON OAT BRAN
1780016311,2890,-3.6256423343523463,0.07757268162913958,-46.73864894455836,0.3932604006185998,BATMAN RETURNS CEREA
1780016515,1335,-1.688185223551617,0.5257092983723615,-3.2112523571075786,0.020398931310245616,PRINCE OF THIEVES CE
1780016609,1681,-8.74954349630261,0.32403492873045214,-27.001852950182734,0.3389654691822105,BRKFAST WITH BARBIE
1780017909,2375,-3.793535321908357,0.3224687918338901,-11.764038623193281,0.030507980355741315,ADDAMS FAMILY CEREAL
1780018270,23065,-1.7031440040720085,0.03778401769011705,-45.07577828382952,0.09908495000103967,RALSTON RICE CHEX
1780018429,2650,-3.490157160174128,0.24363919467610237,-14.325105469232879,0.07375979417270073,FROSTED RICE CHEX JU
1780018704,9616,-5.835419569966166,0.1611386626206226,-36.21365273276971,0.2939200694398477,TEENAGE MUTANT NINJA
1780018982,23138,-3.068346034432432,0.03385401154101339,-90.63463662837115,0.3145898351027454,COOKIE CRISP CHOCOLA
1780019062,1302,-1.2706780461167362,0.6672362555693147,-1.9043899900681192,0.003303953259903847,MULTI BRAN CHEX BONU
1780019091,11248,-2.0646666647049496,0.07718509682403236,-26.74955075086587,0.07469199178063102,RALSTON BRAN CHEX
1780019266,23828,-1.6283123725108413,0.034930129465738854,-46.616270750097506,0.09932226428069224,RALSTON CORN CHEX
1862702345,21609,-0.15717812971423503,0.07501713857340389,-2.0952296062377402,0.0002199795454357334,KASHI PUFFED CEREAL
1862702346,1914,-1.6168392993833975,0.41575727728900086,-3.8889019812863106,0.008963958381241643,KASHI MEDLEY CEREAL
1862702349,3774,0.3688084436096798,0.2935462727199168,1.2563894618466962,0.0009060846202696426,HONEY PUFFED KASHI
3000001680,16658,-1.5887885277878375,0.1077258820439376,-14.748438329238526,0.02340206829990188,QUAKER RTE OAT BRAN
3000002360,2200,0.7095725243907949,0.31812807293150697,2.230461832092278,0.0022274934508079713,QUAKER OATS PLUS FIB
3000002380,2190,0.467892429496718,0.38750195482938965,1.2074582428951175,0.0006376364011647651,QUAKER OATS FIBER RA
3000002390,2203,-0.2276286610333706,0.31682444524116266,-0.7184693746093443,0.00022468052751378753,QUAKER MULTIGRAIN
3000002550,15433,-3.170890861227523,0.03592991180676679,-88.25211924484434,0.3525240973106214,QUAKER TOASTED OATME
3000002580,15445,-3.32835585236489,0.03275988523907176,-101.59851989943046,0.41588653393587816,QUAKER TOASTED OATME
3000004340,2147,-1.5915851852181464,0.2942082947495743,-5.409722341692915,0.014163589070205762,CAP'N CRNCH BERRIES
3000004350,2792,-0.05883004741973206,0.1746313206788354,-0.3368814207614363,7.341973332974927e-05,CAP'N CRUNCH CHRISTM
3000006020,819,-2.2907581842832383,0.3628678491862109,-6.312926839400705,0.06443235274043979,~HOME RUN CRUNCH
3000006080,29478,-1.6026500196740272,0.03403248937354016,-47.091765814817755,0.07937382606612187,QUAKER LIFE CINNAMON
3000006110,29714,-1.3672738742062402,0.032738647844031736,-41.763297028025995,0.061132314484755645,QUAKER LIFE CEREAL
3000006140,9983,-4.148881736436913,0.07698648625093153,-53.8910390443584,0.3217303246957294,QUAKER  JUMBO CRUNCH
3000006150,13260,-3.0907554751214716,0.05838150149557961,-52.940664353339564,0.22617932916371553,QUAKER CINAMON OAT S
3000006190,18789,-0.14621264417125562,0.05624249379844564,-2.5996828073668468,0.00037628758427155073,QUAKER PUFFED RICE
3000006200,7189,-5.675193340654223,0.16018966360433287,-35.42796216035451,0.22414908092026953,CAPTAIN CRUNCH JUMBO
3000006201,1986,-0.5540918861768317,0.15382004348184017,-3.602208617515098,0.004808551734485911,CAP'N CRUNCH 50[ OFF
3000006300,11802,-4.221935140247228,0.06722346107470932,-62.804489277265084,0.3412328144036525,CAPTAIN CRUNCH JUMBO
3000006410,18414,0.909500751084853,0.05622219136395532,16.176899708465367,0.013895729352402908,QUAKER PUFFED WHEAT
3000006430,29580,-1.865387508231635,0.03693041174673369,-50.51087762097911,0.1252939991033113,QUAKER OAT SQUARES
3000006500,29489,-2.517349775512207,0.028792860918807877,-87.42965079471631,0.30445753840761325,QUAKER P.B. CAPTAIN
3000006560,29083,-3.0551405547726733,0.029332011998829424,-104.1572107257626,0.35208254948978357,CAPN CRUNCH JUMBO CR
3000006570,8057,-1.3218946318530025,0.18439638257867674,-7.168766617691035,0.010731945698647105,QUAKER JUMBO OAT SQU
3000006610,29672,-2.853351175124788,0.030688827585256963,-92.97687137763286,0.3142020992021367,CAPN CRUNCH CEREAL
3000006700,22854,-3.048560023294646,0.04980328753569268,-61.212023826937624,0.17950497742444493,QUAKER 100% CEREAL-O
3000006720,29103,-2.954563208066671,0.04653292437767556,-63.49403669725386,0.15487333486805444,QUAKER 100% CEREAL H
3000006740,9519,-4.31729965998062,0.21110344809951098,-20.451109154529345,0.08319896235545698,QUAKER NATURAL LOWFA
3000006750,15615,-2.889341969877431,0.053355230109181404,-54.15292866256857,0.172600533221956,QUAKER 100% NATURAL
3000006760,10132,-3.261354465970677,0.11540250210952933,-28.26069111461121,0.07165298874284742,QUAKER 100% NATURAL
3000006780,16168,-2.369547124943824,0.07878585776478149,-30.07579268881234,0.06011328614956912,QUAKER 100% CEREAL H
3000006860,15723,-1.4612145136539265,0.08150905724883947,-17.927020173880507,0.029409403408121038,QKR CRNCHY CORN BRAN
3000006920,258,-8.855062606492469,0.7104814709138464,-12.463467337301244,0.386839892720391,QUAKER TRIPLE CRUNCH
3000007800,7364,-5.4292234436946565,0.15305327716442482,-35.47276833453264,0.14855268325224003,QUAKER OH'S APL/CIN
3000007830,1873,-5.941121023033478,0.28575532529693004,-20.79093720076791,0.19121976994690815,QUAKER OH'S CRUNCHY
3000007840,10418,-3.2539178073850903,0.08751792015915494,-37.18001754917972,0.14343546869800183,QUAKER OH'S HONEY GR
3000020123,925,-3.240790107656237,0.6752796460235025,-4.799182274691934,0.028342711834004164,MOTHER'S OAT BRAN HO
3000034855,4154,-3.2584572246032733,0.17151507244816844,-18.99808091552988,0.09824721069105713,$QUAKER APPLE ZAPS
3000034860,5658,-2.1162222722246122,0.16196474906726172,-13.065943573596835,0.05596096085904256,$QUAKER SWEET CRUNCH
3000034861,5714,-3.7596466927097407,0.11388351193196027,-33.01309056007987,0.17132558433749834,QUAKER SWEET PUFFS
3000034862,5760,-3.5675866771977547,0.11694935491700295,-30.505398509719125,0.1521951692412531,QUAKER COCOA BLASTS
3680011885,4714,-1.59501454875724,0.13173086010116872,-12.108131287780827,0.028017864227037226,W.C. X-RAISIN BRAN C
3800000101,1846,1.361473273812453,0.6204673859002905,2.194270488265829,0.011557207956541915,~KELLOGGS CORN FLAKE
3800000110,29512,-1.4021893700602752,0.01970257050235555,-71.16783923664356,0.14529180521874163,KELLOGGS CORN FLAKES
3800000120,29787,-2.551583298573294,0.024749217953205106,-103.09753235022343,0.3041302597415868,KELLOGGS CORN FLAKES
3800000127,28877,-3.029039267208839,0.03168423201594875,-95.6008422638783,0.2820993448182615,KELLOGGS CORN FLAKE
3800000311,4244,-1.7271414726351972,0.09352579760986374,-18.467006075049433,0.08519612090847306,~KELLOGG'S FRSTD RIC
3800000401,17123,-4.133426701414882,0.053382390457290846,-77.43052841970189,0.3229347129617631,KELLOGGS NUT & HONEY
3800000510,29513,-1.9977746455962175,0.04010394578191243,-49.81491488294521,0.16387186736890735,KELLOGGS RICE KRISPI
3800000520,14752,-2.786298587972601,0.0958551670009487,-29.067797544445614,0.09104488359592389,KELLOGGS RICE KRISPI
3800000535,29485,-3.481928418759159,0.03890755430350739,-89.49234875051692,0.29302863228474296,KELLOGGS RICE KRISPI
3800000600,18636,-1.2268695246822878,0.03852933305058583,-31.842480197399457,0.06611798464702456,~KELLOGG BRAN FLAKES
3800000611,10718,-0.3521559942649621,0.07736945002876225,-4.551615581266861,0.002071546883255282,KELLOGGS BRAN FLAKES
3800000810,28468,-1.510539218901264,0.050107012261717356,-30.14626398020827,0.0780478854874962,KELLOGGS RAISIN BRAN
3800000820,29375,-3.3343054138446955,0.03984852600167532,-83.67449811580268,0.3025534100714422,KELLOGG'S RAISIN BRA
3800000828,29718,-2.375036296493626,0.03805101360474342,-62.41716242212153,0.18734653437390936,KELLOGGS RAISIN BRAN
3800000900,18469,-0.9071043198931911,0.04941090265144691,-18.358383903489123,0.023469750029012304,KELLOGGS APPLE CINNA
3800001003,3857,-1.7051384334006794,0.0741780948549058,-22.9870885297873,0.1219691164212281,KELLOGG'S CORN POPS
3800001011,29723,-2.80868129677599,0.03844642273908901,-73.05442474678833,0.26699955757096727,KELLOGGS CORN POPS
3800001070,10660,-3.4486397136887477,0.08434575592690755,-40.886938243546886,0.24322794929381475,KELLOGG'S CORN POPS
3800001111,29674,-2.493485780722275,0.04242952466613427,-58.76770480797977,0.20700600158300342,KELLOGGS COCOA KRISP
3800001203,2635,-3.055948583682265,0.21906129977929328,-13.950198354347242,0.11615601703802991,KELLOGG'S HONEY SMAC
3800001210,29737,-2.7078120828365915,0.034757130935251214,-77.90666289116191,0.22036513799696544,KELLOGGS HONEY SMACK
3800001411,29737,0.10073480681692763,0.02770625623227524,3.635814451884728,0.0004400674337817767,KELLOGGS ALL BRAN
3800001500,2856,-2.3495547103520567,0.13582562595564654,-17.298316822182706,0.09654091187152081,KELLOGGS SUGAR FROST
3800001510,29654,-2.3190939692038657,0.04301801702135037,-53.90982964307422,0.20177674232109177,KELLOGG'S FROSTED FL
3800001520,29690,-3.4151608587913027,0.035612669483682934,-95.89735642693302,0.3192975686497308,KELLOGG'S FROSTED FL
3800001527,29596,-3.6780046348121673,0.03783504380974572,-97.21158652034573,0.28532895514243095,KELLOGG'S FROSTED FL
3800001532,20137,-1.2855968102865403,0.06648658619668785,-19.33618318864121,0.02773865799976849,KELLOGG FROSTED FLAK
3800001611,29771,-1.7198289575154637,0.03051409664845691,-56.3617850899884,0.12698991589841158,KELLOGGS SPECIAL K
3800001621,29773,-1.3111928663997203,0.052812387448640315,-24.82737345807073,0.06442116132046238,KELLOGGS SPECIAL K
3800001631,2423,-0.8216428371723438,0.09762768378419599,-8.416084509272682,0.027375280629475696,KELLOGG'S SPEC-K-HAN
3800001710,27269,-2.199728732976007,0.059956021882912394,-36.68903746268954,0.13290359133915897,KELLOGG FROOT LOOPS
3800001720,29724,-3.0442296752789497,0.038114004632805884,-79.87168245917377,0.2631322470473624,KELLOGGS FRUIT LOOPS
3800001727,9594,-2.2045539061542483,0.07833245921804452,-28.14355540680397,0.22741626706482743,KELLOGGS FRUIT LOOPS
3800001912,29796,-2.2214722243281866,0.02824380182715561,-78.65344183913315,0.17164859653722442,KELLOGGS PRODUCT 19
3800002400,21060,-0.3583133550787354,0.038604254057532,-9.281706480968142,0.00384203742943523,KELLOGGS STRAWBERRY
3800002720,24808,-3.0338863660742548,0.03524970842198823,-86.06841026184952,0.22376633412350344,KLLGG SGR FRSTD MINI
3800002727,19117,-2.7904495247566667,0.05328219959865081,-52.37113981359218,0.19085026810943662,KELLOGG FROSTED MINI
3800002910,18541,-1.6075237331030912,0.04954106397454053,-32.448308617861095,0.061863467625953406,KELLOGG'S APPLE JACK
3800002920,29625,-2.784107831737771,0.04235954651823921,-65.7256288269986,0.21755506027143845,KELLOGGS APPLE JACKS
3800002970,8365,-1.795725373199701,0.11009859284626847,-16.31015734876,0.10666178451081687,KELLOGGS APPLE JACKS
3800003301,11870,-2.0206187199148866,0.08649853166441633,-23.360150525492983,0.04741488142566164,KELLOGGS FRUITY MRSH
3800003500,29499,-1.0973508626167745,0.04184681519935653,-26.22304367462708,0.02712280387898358,KELLOGG'S CRISPIX
3800003510,22786,-0.6051574287545435,0.07616790465062855,-7.945044983583511,0.0072928202743082204,KELLOGGS CRISPIX
3800003700,29582,-1.0851736017285225,0.03305047055639278,-32.833832119785754,0.03439238169952363,KELLOGS RAISIN SQUAR
3800003802,16639,-3.9562885709596434,0.08293080484625133,-47.70589865001747,0.19480757633768397,KELLOGGS FRUITFUL BR
3800003900,9674,-2.515662365875212,0.09442964281063404,-26.640600250072268,0.07575370180450092,KELLOGGS APPLE RAISI
3800004001,15906,0.397324800622184,0.05998802428532836,6.623402009913505,0.003258184813667908,KELLOGGS ALL BRAN EX
3800004120,9786,-2.7688245593086225,0.1006943023942235,-27.497330965842817,0.08702592390138464,KELLOGGS JUST RT FRT
3800004170,17051,-2.572486703252294,0.06491111004644931,-39.630915284170385,0.10573513411427515,KELLOGGS JUST RT FRT
3800004220,6418,-0.39120212013654104,0.07588400853962327,-5.155264299622135,0.004084022036604962,KLG JST RT FIBER NGT
3800004270,5341,-0.8097450309582575,0.10687831077889225,-7.576326993354546,0.010402119490437567,KLG JST RT FIBER NGT
3800004510,29150,-3.224116570814089,0.042372782777436856,-76.08932808941931,0.18387112126131,KELLOGG'S CRACKLIN O
3800004511,19959,-3.3760227640908678,0.06955038626084314,-48.54067598459289,0.14402050405452338,~KELLOGGS CRACKLIN O
3800004900,29726,-1.2936716490297115,0.04390189461933698,-29.467330743851367,0.055620369950140636,BITE SIZE FRSTD MINI
3800004920,28914,-0.5845450640223262,0.04178987047754985,-13.987721362676936,0.01093721910186618,KELL FROST MINI WHTS
3800005220,3748,-3.2789574656724825,0.23859235314399055,-13.742927727837241,0.043849623807390214,KELLOGG'S  FUN PAK
3800005231,25600,-1.5896552103640713,0.03594613133387848,-44.22326273720183,0.07651056816873392,KELLOGG'S FUN PAK
3800005332,29163,-1.5716694844007018,0.030466538898412776,-51.586742085842296,0.09702094752263335,KELLOGGS VARIETY PAC
3800008020,25658,-1.4608321938368305,0.07662512001492482,-19.06466434965836,0.02463036941459107,MUESLIX RSN ALM CRNC
3800008200,1871,-0.8759806714523873,0.5417055261195214,-1.6170790756509872,0.0018221788100981628,KEL MUSELIX GOLDEN C
3800008220,26194,-2.197322048608894,0.06761564986982355,-32.49724069559739,0.05323645232780472,MUSELIX APPL ALM CRN
3800008800,4679,0.2492966977418028,0.07110896309600291,3.5058407110399274,0.0023221877565842153,KELLOGGS BLUEBERRY S
3800010401,28018,-2.5987992317803545,0.0315441959536347,-82.38597159363975,0.19671427042763678,KELLOGGS NUTRI GRAIN
3800010601,25779,-2.0715575607878662,0.0723305123094733,-28.640161594936604,0.042414981051589695,~NUTRI GRAIN ALMOND
3800010901,14607,-0.45502648655532996,0.10031113270655656,-4.536151414882672,0.0016776343271367455,KELLOGG'S NUTRI-GRAI
3800012100,3248,-1.100527200466623,0.4423368661823881,-2.4879843499475447,0.002584607500057734,KELL COMMONSENSE
3800012121,12989,-1.9103917451891912,0.09252498211429062,-20.647307370774712,0.03441197973749577,KELL COMMONSENSE FLA
3800012200,2969,1.2105692298908717,0.3900910647860947,3.1032990477612805,0.003844740342760389,COMMONSENSE W/RAISIN
3800012300,4148,-2.3290062291598086,0.2732498327256641,-8.5233582978917,0.01667429386265118,KELL BIG MIX
3800012500,8202,-2.063809368523214,0.07462670904321189,-27.655103581322134,0.07524872097896362,KELL NUT & HONY CRUN
3800012600,8748,-5.292847399051697,0.21043895775124866,-25.15146176169603,0.0726502709903567,KEL OATBAKE RAISIN N
3800012700,9154,-4.071417600214711,0.1602344063448643,-25.409134611526614,0.06806982347227819,KEL OATBAKE HONEY BR
3800012800,5447,-0.14302309515691375,0.28275395145369714,-0.5058217380220582,6.901399043002243e-05,KELLOGGS HEARTWISE C
3800013010,7744,-3.441005764352704,0.16805896740114684,-20.47499052007874,0.08880226877707609,KELLOGG KENMEI RICE
3800013110,5825,-1.9718704508119949,0.20657345569565122,-9.545613903643027,0.02281088808924181,KELLOOG KENMEI ALM-R
3800013400,15979,-4.141494441606659,0.07062231432855601,-58.6428592857945,0.34362228030030006,~KELLOGGS CINN MINI
3800013510,4261,-6.357125659594813,0.3023628345485187,-21.02482492296756,0.15964818301962258,KELLOGGS DOUBLE DIP
3800013520,2296,-3.6228550947660807,0.1922546600854997,-18.844043068474495,0.13139961406921918,KELLOGGS DOUBLE DIP
3800013600,10136,-3.8734842251836437,0.08674032670210173,-44.656094488629456,0.20882295548656205,~KELLOGG FROSTED BRA
3800013610,4209,-3.241819295741202,0.3999747633916021,-8.105059599890916,0.02588348725723455,KELLOGG FROSTED BRAN
3800013700,13999,-5.799248227425598,0.11284537455469806,-51.39110265095185,0.22082742598355576,~KELLOGG LOWFAT GRAN
3800013710,13711,-2.829558523553934,0.08905694871137566,-31.772462053738668,0.09020745145911313,KELLOGGS LOWFAT GRAN
3800013730,2200,1.8521205802143639,0.9348563771723842,1.9811819499123333,0.0018021424209500037,KELLOGG'S LOW FAT GR
3800013800,12018,-0.9910972319171165,0.08856278487826007,-11.19089957796038,0.011204906505148937,KELLOGG'S L/F GRANOL
3800013830,1388,2.944170095133124,0.8427366488932488,3.493582602583679,0.008731293640897753,KLLG LWFT GRANOLA W/
3800013900,16017,-3.276649570468269,0.059544800101386054,-55.02830750777844,0.16744200575646073,KELLOGGS RICE KRISPI
3800013930,11815,-1.817665082851614,0.06941592004835027,-26.185132770487748,0.10244720020315057,KEL RICE KRISPIES TR
3800014400,6632,-3.9235404367084126,0.06737740096854167,-58.232291247629206,0.24656537116455568,~KELL APPLE CIN RICE
3800014500,9684,-2.7722301482062477,0.062198396423467694,-44.5707656083602,0.14046061870182414,KELL HC MULTI-GRAIN
3800014600,9683,-3.5328670744138586,0.09819991776333557,-35.976273248295,0.11353729285332281,KELL HC MULTI-GRAIN
3800014700,9687,-3.1679085343095705,0.06446302146656945,-49.14303521985003,0.17724025791248088,"KELL HC RAISN, OAT C"
3800014910,3218,-2.4500114455954902,0.10053035033344601,-24.370863500118354,0.2346962671029117,KEL POP TART BS/CINN
3800016310,5183,-3.2262354611051403,0.1978275355743693,-16.308323569507852,0.11061426134583119,KEL POP TART FRST ST
3800016400,4354,-2.053298334997057,0.08792478851110817,-23.352894783905555,0.10574741600208093,~KEL TEMPTATION FR V
3800016500,4370,-1.6665164301699484,0.08296606221474598,-20.086724447116765,0.07549910932813308,~KEL TEMP HNY RSTD P
3800016820,2325,-5.489518406736601,0.220564892963788,-24.888450437295393,0.22984031962268614,KLLG HNY CRUNCH CORN
3800016830,2407,-1.7564948687417017,0.20948497037221878,-8.384825248420984,0.06808293420838807,KLLG HNY CRUNCH CORN
3800019010,573,-5.665715207089062,0.14570446284648025,-38.88498057234303,0.6585071445309443,KELLOGG COCOA FRSTD
3800050530,14641,-3.144724441734703,0.04817898970746259,-65.2716974936402,0.3355590257801965,KELLOGGS RICE KRISPI
3800054276,2320,-2.209605510818486,0.28153605217746025,-7.84839275016085,0.04080739288959312,KELL RICE CRISPIES $
3800054280,1731,-1.1682860213381794,0.38199038179725825,-3.0584173764831815,0.004437891782164027,KELLOGS FRSTED FLKS
3800070533,303,-7.819780441918318,0.4093969603201198,-19.10072912071403,0.5149062202055248,KELLOGG'S VALENTINE
3800090120,1198,-3.975104096587661,0.1737981500223856,-22.87195862600182,0.3737052200450238,KELLOGG'S CORN FLAKE
3800090530,1139,-4.8480552721814565,0.5603262099183162,-8.652201496853415,0.11003792812646296,KELLOGGS RICE KRISPI
3828125001,28401,-1.9646931117976336,0.04643516422216214,-42.31045899607142,0.06114045026300852,DOM OAT HONEY
3828125005,28632,-3.2107494773301006,0.04887781513228053,-65.68930032246092,0.15292129922028885,DOM OAT HON RAISIN
3828125029,27215,-2.7046178128228937,0.030610620721805665,-88.35553638075174,0.2632257083839691,DOM FROSTED FLAKES
3828125030,309,-1.74792025066396,0.20175974348502154,-8.663374667671125,0.2260381430405919,~DOM BONUS PACK FR
3828125033,27302,-2.949190815744053,0.025514305496835577,-115.58969598877883,0.3416318338793184,DOM RAISIN BRAN
3828125035,313,-0.6880117608539905,0.3794258812072016,-1.8132968648975014,0.012337105559300898,HH RAISIN BRAN
3828125037,27082,-2.5227978092539143,0.026487387797052675,-95.24524760930306,0.2590881572607324,DOM TASTEEO'S
3828125041,27108,-3.0815144964023475,0.032396376552767184,-95.11910973695407,0.33220716264807415,DOM FRUIT RINGS
3828125045,27216,-1.2937578607416715,0.024087429900843366,-53.710913371308806,0.1307902829608928,DOM CRISPY RICE
3828125049,27190,-1.0856456930904346,0.020134224505150088,-53.920412619454986,0.1252288930340869,DOM CORN FLAKES
3828125061,19117,-3.4541080712348062,0.044355318552261366,-77.8735940576106,0.275997564935308,DOM APPLE CINNAMON T
3828125065,19357,-3.3280354146502074,0.04074129190348145,-81.68703688961367,0.2737071540932652,DOM HONEY NUT TASTEE
3828125069,19456,-2.797363780230684,0.029706608242264336,-94.16638067252674,0.352002005168088,DOM MAGIC STARS CERE
3828125101,9478,-2.6302220391641264,0.0723838645799546,-36.337131962038384,0.1285591747468936,DOM LOW FAT GRANOLA
3828125109,4173,-2.8623671189041535,0.10789741631585838,-26.52859740890249,0.2590699132966894,DOM APPLE DAPPLES
3828125113,4255,-3.8578613304638343,0.09140023318872652,-42.208440786994295,0.34214520149682826,DOM CRISP CRUNCH
3828125117,4214,-2.6905229407557036,0.09911742672715336,-27.14480217653422,0.20609553160832383,DOM CRISPY CORN & RI
3828125121,4544,-4.178519705026874,0.1188551422685678,-35.15640657418923,0.23747352040952907,DOM COCOA CRUNCHIES
3828125125,3007,-3.025123367109928,0.108162933308766,-27.968207541804514,0.3861791139364654,DOM FROSTED TASTEEO'
3828198033,632,-1.593139123663311,0.13646985305926873,-11.673927156435145,0.16261083245046593,DOM FRUITY HO-HO-HO'
3828198101,1298,1.0382969846278458,0.47789416264189305,2.1726504858061784,0.014712114104191154,DOM TRIAL SIZE CEREA
3828198105,1340,0.673676503356422,0.38783442774260524,1.7370208913055087,0.008453275011514827,DOM TRIAL SIZE CEREA
4165345678,439,-0.5260170730251535,0.27472607782351166,-1.914696548622061,0.008768782728598268,UNCLE SAM CEREAL
4240091020,665,-0.7401020729695827,0.1737817115036768,-4.2588029923616215,0.0296379977852419,MALT O MEAL SUG FROS
4300010200,5359,-2.7767035820130497,0.0832151417592663,-33.36776845307548,0.17686104738456743,POST BLUEBERRY MORNI
4300010210,5105,-2.839140912200698,0.10304165000687888,-27.55333316198995,0.15434949560897027,POST BLUEBERRY MORNI
4300010300,3036,-3.6352610194643704,0.1088749262436404,-33.38933163848378,0.29384178833453434,POST GOLDEN RAISIN C
4300010305,1019,-9.562455740473274,0.41686785243519014,-22.938817864253362,0.279971747997519,POST CRANBERRY ALMON
4300010370,5044,-4.384002762885681,0.08221656350786245,-53.322622301848384,0.4130951982744311,POST WAFFLE CRISP
4300010442,2745,-4.07042998008293,0.1321005023347813,-30.81313021632023,0.4388761001808058,POST FRUIT & FIBRE P
4300010446,21206,-2.1172392124022643,0.044796816747284154,-47.26316212034472,0.12152099167267338,POST FRT&FIBRE DATE/
4300010510,27546,-0.3585514044822501,0.04506862018147487,-7.955677432290907,0.002506175472683503,POST GRAPE NUTS
4300010521,29642,-1.5554340136850584,0.038987336310026134,-39.895878018346615,0.06562421195308787,POST GRAPE-NUTS CERE
4300010713,9406,-3.3296868534654664,0.05174075597000217,-64.35327028070338,0.3906726411597642,~POST TOASTIES
4300010934,6660,0.420673958710109,0.13255160248417397,3.1736618103906773,0.0013535480899640184,POST GRAPENUT FLAKES
4300011140,5553,-2.809812579603005,0.1101647297243981,-25.505555059522088,0.14029364647435205,POST HONEYCOMB 10 OZ
4300011171,27924,-2.3083355996026786,0.04409820047925431,-52.34534685125347,0.19700154510457335,POST HONEY COMB
4300011230,29369,-1.7066449085635755,0.04479845253274668,-38.09606832548637,0.08747368011400392,HONEY BUNCHES OATS R
4300011240,29378,-1.9231544915115089,0.040150787311331426,-47.89830088758316,0.13638317136033418,HONEY BUNCHES OATS-A
4300011313,29731,-0.1593570998102007,0.025903011178225504,-6.1520685264637835,0.0014200973810850614,POST/NATURAL BRAN FL
4300011410,11471,-1.8486196212118924,0.06507142419312348,-28.40908500366353,0.0931063452291937,POST RAISIN BRAN
4300011460,24933,-2.1664009321679223,0.0450517935889049,-48.086896427170245,0.13769571268206993,POST RAISIN BRAN
4300011470,27132,-2.265353898671962,0.04923526417411114,-46.010800118000155,0.1308938761721361,POST NATURAL RAISIN
4300011650,15851,-2.639991280103909,0.04745508257433956,-55.63137048530677,0.1752686077532617,POST BANANA NUT CRUN
4300011653,3337,-1.524942585309775,0.09905917688951604,-15.394258595653318,0.02941404298129313,~POST BAN NUT CRUNCH
4300011760,28583,-2.1854340930806306,0.03406599829666418,-64.15294435374388,0.18513306052148815,POST SUGAR CRISP
4300011817,29480,-2.749192622344349,0.0381131450859474,-72.1323998884048,0.20629787968381208,POST ALPHA BITS
4300011862,18175,-2.6914964136249098,0.07041591999152293,-38.22283957873344,0.12286848972405462,POST MARSHMALLO ALPH
4300012560,5441,-3.4419670370822297,0.10225348977385171,-33.66112046341533,0.18003268759874658,~PST BRN'NOLA W/RSNS
4300012600,10169,-1.9452878782634844,0.11577088765385275,-16.80291062533584,0.037578571063552335,POST GREAT GRAINS DB
4300012601,8766,-2.1667818261363734,0.07762932770072437,-27.911897350054662,0.09926095450728245,POST GRT GRAINS CRUN
4300012610,10209,-2.3580407466428435,0.115309277422001,-20.44970534342217,0.058533387229449674,POST GRT GRNS RSN DA
4300012611,8925,-1.871624011046047,0.07644473053492373,-24.48336200480158,0.07624314021130907,POST GRT GRAINS RAIS
4300012951,28059,-2.4825481217410785,0.03722127408162237,-66.69702160912358,0.164318610240744,POST COCOA PEBBLES
4300012965,6970,-1.1660309143011012,0.08244793883521773,-14.142632681595066,0.041213430714931,COCOA PEBBLES ON BOX
4300012971,28488,-2.326925045524157,0.03441305856234235,-67.61750169078181,0.16949168859622687,POST FRUITY PEBBLES
4300012974,6596,-1.0736504038481198,0.08957894768210875,-11.98552150509975,0.034565982700652365,FRUITY PEBBLES ON BO
4300012990,7513,-4.815479001639663,0.15996187495079003,-30.103916968471868,0.1508692710902506,POST DINO PEBBLES
4300018005,7098,-2.5931526101758355,0.09996551508576301,-25.94047165115993,0.10111433666865088,NABISCO SHREDDED WHE
4300018032,1978,0.1370291319480536,0.3717965725045714,0.3685594276057205,0.00013356872015246601,~NABISCO 100% BRAN
4300018050,5552,-0.6341311787159715,0.08884070974549219,-7.137844581978337,0.009165527272225305,POST SPOON SIZE SHRD
4300018054,7100,-1.6661664308398914,0.07525800181811344,-22.13939236477138,0.12214851894416878,NAB SPOON SIZE SHRED
4300018059,7107,-1.9058754137539493,0.06767622820527705,-28.161667165803113,0.15598890807938848,NABISCO WHEAT N BRAN
4300018155,5100,-2.424755294385835,0.08746445459793845,-27.722750979607515,0.1595932129798987,~NABISCO FROSTED WHE
4300018160,1843,-6.816395777589116,0.2980851633867521,-22.86727625133475,0.16162369568323665,POST FROSTED SHREDDE
5200034844,15726,-1.6714052369402597,0.05282927383712455,-31.63786127542261,0.077524723756628,POPEYE PUFFED WHEAT
5200034847,23554,-1.5962623658250175,0.07495685805464444,-21.2957480776652,0.04215413002300494,POPEYE PUFFED RICE
5200034916,4168,-2.5926405108283084,0.3190323774497603,-8.1265748998676,0.024436347555691795,POPEYE FRUIT CURLS C
5200034940,15324,-2.008914444381254,0.12013280348167259,-16.72244704326519,0.022036938861865973,POPEYE SWEET CRUNCH
7572514080,7780,-0.20143151126193412,0.2738335921201343,-0.7355982503912943,0.0003148201919934701,~GENERIC QUICK OATS
79166910113,4160,-5.470575550142936,0.22946847372776868,-23.84020541589947,0.1904666686014671,~SPIDERMAN CEREAL
79166910359,3647,-2.9460835011062234,0.10773900172413253,-27.344633363595833,0.35027201563086785,~MUESLI W/ CRANBERRI
79166910537,4480,-2.8988532531440603,0.09777748030064928,-29.64745301505597,0.3044652030132067,~RASPBERRY ALMOND MU
79166910605,3940,-3.1026027224448574,0.10680742240427618,-29.04856846653609,0.4282778109052475,~MUESLI STRAWBERRY P
79166915516,6146,-2.4964324803437803,0.04945050578261681,-50.48345696034001,0.3121903901990879,RALSTON/WHEAT CHEX
79166918102,6954,-2.454615057421473,0.04885842998715361,-50.23933552647654,0.3947030704548017,RALSTON RICE CHEX
79166918982,6946,-3.2704394247988793,0.053808613938542894,-60.77910552637886,0.36394651679230117,COOKIE CRISP CHOCOLA
79166919305,2284,-2.569405601287327,0.0689991647819833,-37.238213091504505,0.41631774257899035,MULTI BRAN CHEX CERE
79166919541,6336,-2.741714201493033,0.04693067320311806,-58.420517209006796,0.42299272472068616,RALSTON CORN CHEX
