upc,elasticity_raw__W1,elasticity_final__W1,std_error__W1,elasticity_raw__W2,elasticity_final__W2,std_error__W2,elasticity_raw__W3,elasticity_final__W3,std_error__W3
1313000002,-0.5094918120085371,-0.7800232723982705,0.49457900048034686,-2.7762276941886057,-2.6596082405849995,0.6521305238973445,-1.3506391325670961,-1.4133149490161947,0.2847351913748669
1313000050,-0.5190856237467669,-0.9671642443759305,0.6972385396145354,-3.255190558932961,-2.653704772607893,1.4941851787310771,-1.1355929576356967,-1.191626895237261,0.23908287921508634
1313000148,-1.3671683480359795,-1.6468472112360368,1.0525818758377152,-2.4580200246460144,-2.407438762197599,0.8576912349729028,-0.5043761862152691,-0.6683740810430228,0.3340794712664277
1600065960,-0.27416105364835897,-0.7320719148823358,0.630143086863831,-1.7354692390668014,-2.104002874859141,1.436976009090626,-1.6211162499229785,-1.7116610784055615,0.4280398836582957
1600065990,-0.7913809482066982,-1.1112461174373465,0.6404476718949711,-1.5606868217788679,-2.0270233980131547,1.390477634118161,-1.6144289746250295,-1.860698199140586,0.8330368583185043
1600067400,-1.4175651710384882,-1.5367796102632063,0.5748068536155816,-1.122821602463091,-1.7636132399072943,1.1856661769882082,-1.6958839944284376,-1.7303780882526445,0.26899964030005635
1600067970,-2.5595383897282464,-2.3314354305188605,0.7354974108408714,-0.6773764436775997,-0.9530120777759865,0.4969135252319634,-2.071486053267276,-2.0761357962092264,0.1740435836503009
1780010359,-2.1205805743005355,-2.1015111564027222,0.31250523525283513,-2.668152149158134,-2.495589024138519,1.1079221646220696,-1.8319332405814472,-2.003104821413016,0.8785523623150262
1780010375,-3.105669206646524,-3.0916128889040135,0.10959891197453644,-3.011667646805326,-2.632614012759637,1.2258976708713902,-2.0722656740091425,-2.148672967481467,0.9442389103837565
1780019266,-2.4051011997271097,-2.3318542340916943,0.4165798338050984,-2.6836022726771933,-2.4565704104051447,1.4446025100508315,-1.1045193934239135,-1.2305087735770808,0.36533704696608227
3000006080,-0.9952051104056786,-1.1997563580416175,0.5434207663891685,-2.010339483737191,-2.015982269095631,0.1501790330488808,-2.0087572123911164,-2.0231135027107263,0.265891775424647
3000006110,-0.8577084536179611,-1.204016993197126,0.7092281587335807,-1.48008226667046,-1.5195616379712689,0.24556970565789946,-1.6782933176423565,-1.7036954001705251,0.22502966548524325
3000006500,-3.1138642326613044,-2.5717261638475644,0.9075094016186218,-2.2496899500652825,-2.2588620126454404,0.4187812379455275,-3.036141316407009,-3.0099203788234545,0.19092165916981296
3000006560,-0.513572145164668,-1.0680649013114132,0.8211449314538121,-2.523537034516954,-2.497014494830486,0.4325697728598762,-3.293481689319565,-3.2568280967715433,0.19641029726101697
3000006610,-2.0015033115872916,-1.9606699806480548,0.8495180542960975,-3.198690237198811,-3.0838716900865886,0.43037184502101683,-3.414626516242864,-3.376591311763518,0.18923980514642572
3800002720,-0.6407070155230254,-1.1340642914536374,0.8071036876088512,-0.5213404719532231,-0.8881140551278173,0.5600956438113174,-0.7867807777693834,-1.0156266237358658,0.44710132335627034
3800002910,-0.03632691350120876,-0.6207561231877926,0.6802958409838938,-0.3179498077547607,-1.6096164000691946,1.490657664106274,-0.9193770370510416,-1.0376855478438745,0.3244062300112221
3800003802,-0.7369859676637853,-1.1541792816820209,0.7520933317600533,-6.343036465087207,-3.947429253211622,1.345375189974863,-0.7353139204512646,-0.8254699269009242,0.2610904907697649
3800012121,-0.8924773960025636,-1.2199185789072182,0.6976162410216443,-1.458715944492964,-1.816555336590202,0.9311854143896954,-0.908318126603364,-1.040521520523309,0.34333268252720034
3800012700,-0.836039664082711,-1.4763486551854101,1.2342539734645335,-3.1324739300553794,-2.6226180053527255,1.44529045421263,-4.111618164932607,-3.5777132572774297,0.6535247673497152
3828125001,-0.17940660915272544,-0.9281400623136258,0.883076924608193,-3.78690346665082,-3.5187180205769124,0.5246764899399063,-1.3394877644341925,-1.3674891102752296,0.1852550666125391
3828125005,-2.703477914405156,-2.4061495453153063,0.7748404579303614,-3.810660580261887,-3.5066885744116716,0.5614182773926903,-1.6260691192842744,-1.649083584851526,0.20406171443247642
3828125029,-3.5612260160944316,-3.3532246147393523,0.3816799002054431,-1.0221244481327991,-1.7791973953634768,1.3070968705135593,-2.1026323873942383,-2.116465305786367,0.345617145929004
3828125033,-2.747490797338125,-2.6551326494878937,0.35318577596808404,-2.4744844810516264,-2.446832957091969,0.5236099029113307,-2.50513695888659,-2.483836332001086,0.3059261336184791
3828125041,-3.051306951952549,-3.0284701452336313,0.14356332768812036,-2.2836501760096257,-2.2869005623323346,0.3321989481584668,-2.11771426065434,-2.1446759191038534,0.5490618923830416
3828125045,-3.175803619862934,-3.14495141441301,0.15884730216756487,-1.8894055809140957,-1.9317640359965351,0.364504164639762,-1.9396399859036566,-1.9979774622405921,0.5074376746388151
3828125049,-3.690064550259987,-3.666570138238823,0.11632261649212382,-2.2942875948303367,-2.3076544291394665,1.032287889596888,-1.605595929091346,-1.6687242422470103,0.34372319243043714
4300010446,-1.566566757000463,-1.6463335013728502,0.5615679368948813,-0.8689129737600494,-1.3802027273985509,0.8158162033469276,-0.2159357817458274,-0.3922379051779067,0.31946133055075404
4300010521,-2.9507123905735853,-2.3403192371103736,1.190862893242414,-1.7035983143752433,-2.027518175855418,1.1598352396986487,-2.1640303074344756,-2.1721829435830053,0.35768710285624883
4300011171,-0.04890252390614025,-0.5368081593000995,0.6021870637621916,-3.514746858793042,-3.4059916761779654,0.35107649093032905,-2.7008541655246,-2.605002406847148,0.5302943566068608
4300011313,-1.5962966011014332,-1.786819297330618,1.2893446088014486,-4.583703519614706,-3.225886676400245,1.3586115000849446,-1.3082237770017282,-1.3903221141534403,0.3214428176356265
4300011460,-4.34374983569711,-2.8069400043168486,1.3141439920448066,-2.675830187302794,-2.535669127935433,0.899480030022826,-2.2613634742895874,-2.2552251368872174,0.664518224246016
5200034844,-0.9522358193985235,-1.0074433471387148,0.2501811182390238,-1.5425696325696645,-1.6534930776149597,0.4509178347620755,-0.0509234080220039,-0.2,0.26904657352655503
5200034940,-1.2658047458348203,-1.3104665814074734,0.2766227466797251,-2.5676496147994543,-2.4934544317921685,0.7310150660244554,-0.07135632355855212,-0.2,0.22075908411498762
