upc,n_obs,n_stores,n_weeks,elasticity,se_hc1,se_cluster_store,se_cluster_week,se_robust,ratio_store,ratio_week,ratio_robust
1313000002,18289,86,233,-1.4373772041317725,0.09210547386172276,0.20841738386442193,0.23902997137775486,0.23902997137775486,2.262812134024926,2.5951766095531816,2.5951766095531816
1313000005,12863,86,253,-2.6792211699974557,0.08472169722708779,0.08477098530728994,0.6170359794097429,0.6170359794097429,1.0005817645516477,7.283092756697749,7.283092756697749
1313000032,12091,83,251,-1.5878413720880187,0.1635533980910511,0.23141464950188967,0.22006587955853446,0.23141464950188967,1.4149180157850332,1.3455292407683426,1.4149180157850332
1313000050,17882,86,234,-1.6810823735539673,0.08255158205744341,0.15913422790041135,0.18445662261382786,0.18445662261382786,1.9276944661057858,2.234440794671554,2.234440794671554
1313000054,18519,86,255,-1.7360367065891396,0.05631958146918691,0.08584577300871997,0.15214389291385766,0.15214389291385766,1.5242615582235315,2.7014386283587233,2.7014386283587233
1313000148,10405,86,223,-0.7530271219855784,0.14306385630596033,0.19665263732928132,0.39035914940136196,0.39035914940136196,1.3745794528893065,2.7285658270424995,2.7285658270424995
1313001041,4923,83,94,0.042879152762137274,0.384921262054992,0.45061668475389793,0.9096206523539424,0.9096206523539424,1.1706723664683412,2.363134339469117,2.363134339469117
1313001059,13040,86,255,-1.9241576940857392,0.09243026710685823,0.10258516445945622,0.4867644084842452,0.4867644084842452,1.1098654982881089,5.266288021449716,5.266288021449716
1313001145,2337,28,255,-1.774295096559562,0.3514003462034971,0.6461098518371685,0.3472377309428773,0.6461098518371685,1.8386716428076715,0.988154208424686,1.8386716428076715
1313001146,1581,79,30,1.4024247938186818,0.6141733794289143,0.5820077202632302,1.829476570039414,1.829476570039414,0.947627721677561,2.9787624005139115,2.9787624005139115
1313001854,5443,83,95,-1.035341430643352,0.2235567221757525,0.22342582983695886,0.24872841240330038,0.24872841240330038,0.9994145005459029,1.1125964362984297,1.1125964362984297
1313005152,6036,83,105,-1.3537269003454764,0.2630439645891183,0.22458867780896719,0.7886912364215837,0.7886912364215837,0.8538066180677467,2.9983247768240586,2.9983247768240586
1313005154,1823,35,235,0.7910867892349434,0.30019250363043093,0.21896098939836506,0.3472611150278004,0.3472611150278004,0.7294019229338566,1.1567947594564718,1.1567947594564718
1313018155,1414,84,20,-2.854434616272708,0.1151977199287589,0.12197939399998553,0.15906887096121194,0.15906887096121194,1.0588698637040785,1.3808335013886044,1.3808335013886044
1600062370,8592,86,159,-2.142167165236125,0.15150320080613977,0.22037234806555475,0.7048893667901532,0.7048893667901532,1.4545722261507759,4.652636796051025,4.652636796051025
1600062380,6480,86,98,-0.4301166326514867,0.338274638462518,0.3755565689952956,0.9602937978695333,0.9602937978695333,1.110212017969265,2.8387992733777976,2.8387992733777976
1600062680,9009,86,107,-3.618781182259774,0.06842883557351444,0.0692469777632529,0.48245363395972923,0.48245363395972923,1.0119561027581643,7.050443426608068,7.050443426608068
1600062750,20435,86,255,-1.8103876122548084,0.059853487198992326,0.06309819787785366,0.36754692904607983,0.36754692904607983,1.0542108877979621,6.140777191880438,6.140777191880438
1600062760,19572,86,255,-1.448595378667736,0.07328421616294961,0.12027168424778707,0.38346129755326525,0.38346129755326525,1.6411676421613004,5.232522330601555,5.232522330601555
1600063100,3862,86,67,-4.034015850414071,0.08120561128135556,0.09800707263627026,0.3544144155393982,0.3544144155393982,1.2069002509777578,4.364407950965947,4.364407950965947
1600063110,4590,86,68,-3.6617954069417693,0.0646579239898425,0.06776714225906293,0.35095479799550383,0.35095479799550383,1.0480871960830178,5.427869877953975,5.427869877953975
1600063830,11143,86,135,-1.9115412929567221,0.08691393440290424,0.07849196576418425,0.5667867067249639,0.5667867067249639,0.9030999034092908,6.521240933559955,6.521240933559955
1600063840,3797,85,62,-1.392815111377954,0.23758201030717935,0.3367943825659098,0.3600299335857014,0.3600299335857014,1.4175921069547934,1.5153922349600637,1.5153922349600637
1600064360,5072,86,111,-0.3009295693735874,0.17902847179896722,0.20876956383414488,0.7639203812073286,0.7639203812073286,1.1661249282660147,4.2670329111960585,4.2670329111960585
1600064450,3011,84,38,-6.177899278089809,0.5039893084480614,0.7230267738934038,1.6014714258672185,1.6014714258672185,1.4346073652233342,3.177590077850348,3.177590077850348
1600064820,15516,86,186,-2.0787091553993644,0.0663552598418339,0.08379169797987826,0.23705568809381475,0.23705568809381475,1.2627740164021106,3.5725229417964273,3.5725229417964273
1600065400,2084,21,255,-0.8293429885719745,0.3402087707670169,0.44935809261694876,0.3409750743407294,0.44935809261694876,1.3208304171695795,1.0022524509641089,1.3208304171695795
1600065600,12782,86,189,-0.18224455187966337,0.14908611647943254,0.27271893031775896,0.26205134839578886,0.27271893031775896,1.8292711404511124,1.7577179859798726,1.8292711404511124
1600065620,4580,83,70,0.2639243432776879,0.2870590624492545,0.32788097848427905,0.3094332492770467,0.32788097848427905,1.1422073760247193,1.0779427990772716,1.1422073760247193
1600065700,20702,86,255,-1.6040107982252598,0.10677833286358339,0.08041014456509743,0.7415657414926585,0.7415657414926585,0.7530567523265874,6.94490840609077,6.94490840609077
1600065720,20133,86,255,-1.4070531777457596,0.07433300430530439,0.13306190819860186,0.20753933470171174,0.20753933470171174,1.7900784374607417,2.79202134558285,2.79202134558285
1600065850,20676,86,255,-2.5018181888037994,0.054693299430659224,0.04250395950408976,0.37897532367896897,0.37897532367896897,0.777132847104548,6.9290996817523896,6.9290996817523896
1600065890,20696,86,255,-1.524697759176334,0.06803934716094054,0.07505088770226975,0.4964680666884702,0.4964680666884702,1.1030512612759804,7.296778811150594,7.296778811150594
1600065910,19299,86,246,-1.1318133202014127,0.08002670165778977,0.0834079632026612,0.47258301335776365,0.47258301335776365,1.0422516669414963,5.905316645169551,5.905316645169551
1600065960,19554,86,255,-1.6268401944605841,0.06763096589454125,0.08047752287196831,0.3534772785868385,0.3534772785868385,1.1899508133220962,5.226559667032183,5.226559667032183
1600065980,17450,86,226,-0.7960657182972906,0.11517932967496602,0.15165943875674973,0.5653038000757914,0.5653038000757914,1.316724443393879,4.908031689983511,4.908031689983511
1600065990,17744,86,219,-1.0944616939235363,0.1330089084355496,0.11918984093509209,0.9082469890575005,0.9082469890575005,0.8961041958542676,6.82846735410657,6.82846735410657
1600066110,20715,86,255,-1.6956610983544351,0.14065145129044482,0.08757570465287069,1.15142927302153,1.15142927302153,0.6226434483923463,8.186401650729023,8.186401650729023
1600066210,20681,86,255,-3.009731152360545,0.05506009518818645,0.05745095474927589,0.3869424071849107,0.3869424071849107,1.043422728437317,7.027637817595565,7.027637817595565
1600066310,20486,86,255,-2.0673977717593726,0.07693612469303109,0.07552628968728657,0.4833028750746922,0.4833028750746922,0.9816752531873727,6.2818718385288,6.2818718385288
1600066370,11582,86,151,-0.5518142003232613,0.10767276043555889,0.14966313865363245,0.4287031414889633,0.4287031414889633,1.3899814405074569,3.981537575100418,3.981537575100418
1600066510,20417,86,255,-2.465874686612575,0.06499787148135591,0.05303083432286818,0.5050986586703587,0.5050986586703587,0.8158857069354898,7.771003067619561,7.771003067619561
1600066590,20517,86,255,-3.0342164504298594,0.05119054670119324,0.0549984286904747,0.3614114925747532,0.3614114925747532,1.074386429422382,7.060121758112202,7.060121758112202
1600066610,20651,86,255,-2.5337099565118804,0.06025460060966699,0.04353260257823674,0.44670264582261776,0.44670264582261776,0.7224776554448284,7.413585706365975,7.413585706365975
1600066660,20382,86,255,-2.2992568370342,0.061364897449987015,0.073450136841433,0.2931809982962175,0.2931809982962175,1.1969405946012635,4.777666230684454,4.777666230684454
1600066750,20310,86,255,-1.6975697133356378,0.0671673213423073,0.09895749332602045,0.3829615340989265,0.3829615340989265,1.4732981954379234,5.70160498357863,5.70160498357863
1600066970,9774,84,144,-0.35319795902091045,0.3609255735060594,0.4994538324034018,0.912954686340715,0.912954686340715,1.3838139191736067,2.529481847108259,2.529481847108259
1600067030,19397,86,255,-1.2204816452682068,0.08792345001036515,0.16394115344685306,0.32869593532835045,0.32869593532835045,1.8645896336816437,3.7384330948069144,3.7384330948069144
1600067070,10683,85,153,-1.528816092880061,0.1864526708442396,0.24969014311831067,0.3891387567815678,0.3891387567815678,1.3391609891547165,2.087064535035005,2.087064535035005
1600067110,6994,86,85,-1.8684809424704194,0.08012844324254667,0.10333274235669616,0.2608487960758454,0.2608487960758454,1.2895887923831328,3.255383301111479,3.255383301111479
1600067140,7625,86,100,-2.0600147177526784,0.08936536795153503,0.0937657757564246,0.4065027409067055,0.4065027409067055,1.0492406388040165,4.5487726422965284,4.5487726422965284
1600067400,19989,86,255,-0.5898574768700593,0.08057923509251927,0.14219747077868725,0.25890475765607046,0.25890475765607046,1.7646912460191426,3.2130456110535404,3.2130456110535404
1600067440,20655,86,255,-2.974448869632681,0.06789227134752311,0.06759426883652628,0.42985521097954815,0.42985521097954815,0.995610656337134,6.3314306981899255,6.3314306981899255
1600067970,20570,86,255,-1.6096082329060808,0.05976852846605945,0.07102517040040987,0.27604666593713584,0.27604666593713584,1.1883372775480443,4.618595655971244,4.618595655971244
1600068050,20739,86,255,-2.4972575844893856,0.08139088659231608,0.07424854968074111,0.6248052568675583,0.6248052568675583,0.9122464785603004,7.676599715606792,7.676599715606792
1600068170,6412,83,112,3.020411499765583,0.35529589825682856,0.47170113924417817,1.4551558105861333,1.4551558105861333,1.3276290032011715,4.095616689428432,4.095616689428432
1600068260,14558,86,174,-1.204772130048776,0.06477660334761028,0.06399283988330152,0.3480645319850338,0.3480645319850338,0.9879005161770702,5.373306317363035,5.373306317363035
1600068310,19197,86,255,-2.0968846566238484,0.08639764075071162,0.08418339444307515,0.5302040776519807,0.5302040776519807,0.9743714494007382,6.136788841049618,6.136788841049618
1600068330,20612,86,255,-1.6517104772227102,0.06638220709588194,0.13826072330771266,0.15966804705418655,0.15966804705418655,2.0827979266795085,2.4052837957551376,2.4052837957551376
1600068560,8340,68,182,-0.8362211359523943,0.14874911907062197,0.22144619732070367,0.25679262798403363,0.25679262798403363,1.4887227481029124,1.7263472186488418,1.7263472186488418
1600068640,16353,86,255,-0.5032668078102223,0.15328875061169459,0.18288315623532375,0.42756564648993794,0.42756564648993794,1.1930631276302632,2.7892826106530904,2.7892826106530904
1600068780,10123,86,126,-3.0944698546430924,0.06393559279450846,0.08524215150843073,0.41033356304317903,0.41033356304317903,1.3332503505895754,6.417920677798475,6.417920677798475
1600068790,5738,85,122,-0.6253657982251474,0.22394342849474877,0.2817970929489171,0.49061339761954303,0.49061339761954303,1.2583405319952263,2.1907916696517282,2.1907916696517282
1600068870,20640,86,255,-3.1588773169471724,0.04422977369764123,0.04539258539140187,0.2642470481641162,0.2642470481641162,1.0262902474181697,5.974415559313804,5.974415559313804
1600068890,18805,86,255,-0.4072996944144086,0.08018813222328157,0.1302745718979244,0.3496030093313703,0.3496030093313703,1.6246116262588406,4.359784916275524,4.359784916275524
1600068920,1543,32,253,-1.6921907174299222,0.7224514851968028,1.0002198560069109,0.7743095828184968,1.0002198560069109,1.384480309753175,1.0717807336330236,1.384480309753175
1600069270,14491,86,182,-2.1126696409188543,0.06713471001992925,0.09128189632417245,0.32197898055134583,0.32197898055134583,1.3596825888884452,4.7960135741372065,4.7960135741372065
1600069880,2654,86,51,-1.3991375753750148,0.10529876533174615,0.09638768079024732,0.4526885508522273,0.4526885508522273,0.9153733235767365,4.299086978142828,4.299086978142828
1600069900,2857,86,54,-1.8355107123189267,0.09500550002234445,0.09286950493994452,0.369261797187453,0.369261797187453,0.9775171428822798,3.8867412634069174,3.8867412634069174
1600069910,3000,86,54,-1.667402353252311,0.10716928096902639,0.09666293177842912,0.43624546583186735,0.43624546583186735,0.9019649185326365,4.0706204416725456,4.0706204416725456
1780010207,8116,86,109,-0.6561916197561034,0.18479162087093026,0.2083456516056856,0.5985212758009733,0.5985212758009733,1.1274626556320262,3.2388983492872603,3.2388983492872603
1780010304,2476,82,56,-1.1266751720999615,0.8332701461470553,0.8502409792203909,1.3000486773973177,1.3000486773973177,1.020366543973532,1.5601767126886668,1.5601767126886668
1780010359,15500,86,255,-1.8316301401274138,0.10496833327214465,0.10490639290219671,0.6231492110890455,0.6231492110890455,0.9994099137519183,5.936544781305106,5.936544781305106
1780010375,12642,86,194,-2.1504711028356107,0.1289653590436243,0.13310227837115923,0.619948314363853,0.619948314363853,1.0320777560595598,4.807091756741801,4.807091756741801
1780010537,12625,86,157,-1.920393322692948,0.12845370683538704,0.12192632286981013,0.8434251226352545,0.8434251226352545,0.9491849310822791,6.565985080649333,6.565985080649333
1780010618,1043,34,45,-1.0785074308037312,0.3147591855799758,0.3160313926079744,0.44450523309529594,0.44450523309529594,1.0040418424188462,1.4122073428174935,1.4122073428174935
1780013136,3517,86,77,-3.7392049383223815,0.1382589573019126,0.15417766998690416,0.3676572851701172,0.3676572851701172,1.1151369357591079,2.6591932439304693,2.6591932439304693
1780013217,13590,86,255,-2.258803291730898,0.12532686233491286,0.10533851425494449,0.8339258629294196,0.8339258629294196,0.8405102648580381,6.654007348407934,6.654007348407934
1780013709,6274,86,81,-1.83819516094928,0.1924110765949702,0.20237571898609724,0.9598542227258748,0.9598542227258748,1.0517882991326057,4.988560116767032,4.988560116767032
1780014216,1857,82,48,-2.6485863119854187,0.8723739410827239,0.8976669037107445,2.036789733666795,2.036789733666795,1.02899325786443,2.3347668215981865,2.3347668215981865
1780014313,1397,85,38,-2.6220416613641637,0.41709914664073927,0.4794809296008891,0.4799753453579132,0.4799753453579132,1.1495610419310718,1.150746409393475,1.150746409393475
1780014407,5231,83,94,-1.669643417470962,0.37763668849335275,0.45420808228616966,0.9294210812355761,0.9294210812355761,1.2027647104371977,2.461151444113291,2.461151444113291
1780014973,1770,86,56,-0.8727680062770791,0.6032209807117471,0.7490853650762306,0.8005124874986441,0.8005124874986441,1.2418092026447363,1.327063403123198,1.327063403123198
1780014986,19017,86,255,-2.1557594806807074,0.0653847102071757,0.0876784398435718,0.3549581735301776,0.3549581735301776,1.3409624293777087,5.428764192813114,5.428764192813114
1780015011,20659,86,255,-1.3993972748528483,0.05504658861950705,0.05397364410745066,0.31309896874275733,0.31309896874275733,0.9805084286063066,5.687890505022201,5.687890505022201
1780016049,3126,81,54,-5.315923494043048,0.5514829923658041,0.3214645891210351,4.2429489294756335,4.2429489294756335,0.5829093436625956,7.693707672241764,7.693707672241764
1780016311,2804,86,61,-3.6891892294696698,0.16285533114070622,0.18566834951547556,0.3545512750130847,0.3545512750130847,1.1400814957359855,2.1770934517750242,2.1770934517750242
1780016515,1251,84,35,-1.0729401525580535,0.47910624656018963,0.866349147387489,0.5658589332614306,0.866349147387489,1.808261014352378,1.1810719173963895,1.808261014352378
1780016609,1610,69,38,-0.890001341056069,0.7415096900973169,0.6376686417790176,1.1744762909941275,1.1744762909941275,0.8599599577657966,1.5838987766161052,1.5838987766161052
1780017909,2290,85,41,-0.46680324250081284,0.626203506058209,1.017013667604099,1.3040787933388647,1.3040787933388647,1.6240944960623747,2.0825159564303743,2.0825159564303743
1780018270,20729,86,255,-1.775166296928469,0.04895237730505312,0.050066606792122326,0.29613947890110337,0.29613947890110337,1.0227614989998493,6.049542334903811,6.049542334903811
1780018429,2565,85,58,-2.7891760293396177,0.24656545815376343,0.24478804420295688,0.872593200161197,0.872593200161197,0.9927913100070241,3.5389920660217924,3.5389920660217924
1780018704,9531,85,140,-2.971130100837952,0.10375247590277599,0.170300517376772,0.4613977345616404,0.4613977345616404,1.6414115990480709,4.447100953947406,4.447100953947406
1780018982,20576,86,255,-2.315342578563972,0.04822727531503162,0.047566122259484846,0.25541803216842585,0.25541803216842585,0.9862908893104997,5.296132333829284,5.296132333829284
1780019062,1217,85,26,-2.9377730916432974,1.8386383451348605,1.8253523140477494,2.8378657403729535,2.8378657403729535,0.9927739834632152,1.5434605439846854,1.5434605439846854
1780019091,11162,86,171,-2.8910971401603494,0.06047690651958463,0.07195374796575284,0.16575675811118695,0.16575675811118695,1.1897722966774364,2.740827328155564,2.740827328155564
1780019266,20737,86,255,-1.6555545213493026,0.05148873317823356,0.04874516405090468,0.3074708215006676,0.3074708215006676,0.9467151557636554,5.971613642859024,5.971613642859024
1862702345,15283,86,233,0.23524050121896137,0.0715200604474395,0.1583927346092581,0.12630741317241184,0.1583927346092581,2.2146616434372537,1.766041756427707,2.2146616434372537
1862702346,1234,45,40,0.6896450847411996,1.1207557844814615,1.0917677023120984,1.7310119843584464,1.7310119843584464,0.9741352375149462,1.5445041714947125,1.5445041714947125
3000001680,15961,86,254,-1.4057111811694156,0.2192240160790777,0.27591120578401523,0.3467634342467306,0.3467634342467306,1.2585811113162415,1.5817766704978498,1.5817766704978498
3000002360,2114,86,28,-2.0403940294235876,0.4407274448152503,0.4799296183275077,0.7688730191328083,0.7688730191328083,1.0889487913072686,1.7445544364842407,1.7445544364842407
3000002380,2104,86,30,0.2050332272598574,0.61184429885289,0.5517795175399189,0.5039114850336075,0.5517795175399189,0.901829956697181,0.823594313092989,0.901829956697181
3000002390,2117,86,30,-0.6906731850218907,0.5019146275125851,0.4281666567910683,1.5199489203825813,1.5199489203825813,0.8530667036204925,3.0283017012578894,3.0283017012578894
3000002550,6397,86,76,-3.170701216530815,0.035627386930903206,0.042446643720445626,0.1889983713917351,0.1889983713917351,1.19140491001397,5.304862008495993,5.304862008495993
3000002580,6396,86,77,-3.2102102763982727,0.040291041696990805,0.04029160674031175,0.2229566374945852,0.2229566374945852,1.0000140240434883,5.5336528445040685,5.5336528445040685
3000004340,2104,40,118,-0.7196284798867065,0.6545859679799033,0.7633029262378019,1.241361979299661,1.241361979299661,1.1660850729712502,1.8964078669919986,1.8964078669919986
3000004350,1434,84,59,0.341823762408918,0.4964560322676681,0.5376488762237334,0.8202098047850683,0.8202098047850683,1.0829738008578689,1.6521297989644446,1.6521297989644446
3000006080,20563,86,255,-1.8270901870260987,0.0434230064114066,0.046624133090145126,0.22578122358737732,0.22578122358737732,1.073719600352168,5.199576036910881,5.199576036910881
3000006110,20691,86,255,-1.4801066593039536,0.04677295905077257,0.04708346619547208,0.22279001253871433,0.22279001253871433,1.006638603821547,4.76322253413288,4.76322253413288
3000006140,4238,85,124,-2.6448968004936,0.13025934163431507,0.14160705360279455,0.2148049501000731,0.2148049501000731,1.0871163006514848,1.6490560093809474,1.6490560093809474
3000006150,6081,86,150,-3.022939844733292,0.09754918251853319,0.11121170825248256,0.3282371561586754,0.3282371561586754,1.140057818847981,3.3648375894520104,3.3648375894520104
3000006190,11956,84,253,-0.6203770149160244,0.1299765414611429,0.22642371128626199,0.26941055515564594,0.26941055515564594,1.7420352068219358,2.072762916500494,2.072762916500494
3000006200,7104,85,149,-3.8993149317403137,0.26852842839556645,0.2837071421368919,1.4191524780639453,1.4191524780639453,1.056525537471086,5.284924529381323,5.284924529381323
3000006300,6117,86,105,-2.1934576042268636,0.14624637486256145,0.17821660253788574,0.42009723398797616,0.42009723398797616,1.2186052659792017,2.872530921759754,2.872530921759754
3000006410,11527,79,235,0.3372079329206623,0.14150840301493878,0.22365025968966298,0.31663860952993356,0.31663860952993356,1.5804733494593437,2.2375958090383268,2.2375958090383268
3000006430,20632,86,255,-2.2424997526467827,0.06004111415587891,0.06994926071297504,0.45555539437930825,0.45555539437930825,1.1650226964704982,7.587390753552542,7.587390753552542
3000006500,20507,86,255,-2.8947396816029554,0.034603669232051916,0.04177377129370789,0.21645414251632686,0.21645414251632686,1.2072064096316877,6.255236722579539,6.255236722579539
3000006560,20125,86,255,-3.0177957125226476,0.0397822485159973,0.0476170893571491,0.25565752071757325,0.25565752071757325,1.1969431375403843,6.426422091621288,6.426422091621288
3000006570,7709,83,255,-0.43611120727126607,0.18089914258011008,0.25352253680036113,0.22628789845027475,0.25352253680036113,1.4014579239262575,1.250906417923261,1.4014579239262575
3000006610,20636,86,255,-3.2659196617516226,0.03539881146773933,0.048426591832185915,0.22247902387087332,0.22247902387087332,1.368028750804796,6.2849292009035205,6.2849292009035205
3000006700,14216,86,180,-2.567725698293907,0.08440018141560697,0.1553340682831212,0.22648737217759957,0.22648737217759957,1.840447090015347,2.68349390225029,2.68349390225029
3000006720,20321,86,255,-2.735695226630794,0.059393278390935056,0.07537433068022113,0.20074456085562598,0.20074456085562598,1.2690717320585758,3.379920527947566,3.379920527947566
3000006740,9430,86,125,-0.5130947805442165,0.17625864323677096,0.26080270574957026,0.26541912729644945,0.26541912729644945,1.4796591018758154,1.5058502801471576,1.5058502801471576
3000006750,6867,86,84,-2.7536846815528135,0.05873644102066244,0.06375922732982639,0.1463970661476459,0.1463970661476459,1.085513970916233,2.492440188811338,2.492440188811338
3000006780,16082,86,228,0.6598886258566257,0.16525066232838836,0.2205025813056889,0.2553244959979174,0.2553244959979174,1.334352178676919,1.545073964608584,1.545073964608584
3000006860,15179,86,255,-1.2268696318783334,0.20591262859842835,0.3445364376577757,0.24507823670406576,0.3445364376577757,1.673216645345692,1.1902049834059394,1.673216645345692
3000007800,7279,85,159,-2.6782733420692413,0.2720467152161653,0.3717202616179453,0.6010093751773129,0.6010093751773129,1.3663839363860009,2.2092138649781434,2.2092138649781434
3000007830,1833,38,139,-1.133472990283554,0.546624275810766,0.7212181519019294,0.6420200408683019,0.7212181519019294,1.3194038095585887,1.1745179811416948,1.3194038095585887
3000007840,9642,84,135,-0.9299484590978118,0.17415751989726827,0.1735545078262253,0.488011328041795,0.488011328041795,0.9965375478968771,2.8021260771838175,2.8021260771838175
3680011885,4629,85,75,-1.7462711937157225,0.16846055627308382,0.18450129718235436,0.4175084612844184,0.4175084612844184,1.0952195651263767,2.4783751788615387,2.4783751788615387
3800000110,20542,86,255,0.32125117343763954,0.04058565980781241,0.08087927435545592,0.17996254369399542,0.17996254369399542,1.9928042253950817,4.4341411362087575,4.4341411362087575
3800000120,20747,86,255,-2.3756105571784345,0.050786071993278,0.050676199447307266,0.34494837039601234,0.34494837039601234,0.9978365614496574,6.792184487937351,6.792184487937351
3800000127,20714,86,255,-3.171340763373521,0.05575453828159717,0.06077004081101242,0.40066481918638597,0.40066481918638597,1.0899568480700828,7.18622791139915,7.18622791139915
3800000311,3952,35,255,0.49818152260973303,0.2364818574330578,0.327680194679565,0.2863376495969615,0.327680194679565,1.385646231962311,1.2108229050002985,1.385646231962311
3800000401,16451,86,255,-1.1309489201382856,0.10917784651333153,0.16334982701880577,0.46981674797667294,0.46981674797667294,1.4961810681882188,4.303224170292683,4.303224170292683
3800000510,20748,86,255,-3.11663487914032,0.1282732857133778,0.12481221529024601,1.0656030764368438,1.0656030764368438,0.9730179951040981,8.307287604824413,8.307287604824413
3800000520,14666,86,200,-2.6257418127948813,0.12733022072469985,0.0813892811441705,0.8765672892885414,0.8765672892885414,0.6391984611425588,6.88420458473691,6.88420458473691
3800000535,20597,86,255,-3.456785695276071,0.06748080053757056,0.06175708131937873,0.4634089532006807,0.4634089532006807,0.9151800338378455,6.867271127625012,6.867271127625012
3800000600,9890,86,119,-0.2616869950378409,0.082499522714191,0.11146719067170471,0.24868048270683213,0.24868048270683213,1.3511252793288087,3.014326320024344,3.014326320024344
3800000611,10633,85,142,0.28376424440695747,0.16601580736903346,0.23169066784607725,0.3564913416519268,0.3564913416519268,1.395594019134915,2.147333722622502,2.147333722622502
3800000810,19565,86,255,-2.862857234403422,0.14312826585369864,0.13369294275410612,1.0177928083799272,1.0177928083799272,0.9340778493799609,7.111053867027803,7.111053867027803
3800000820,20334,86,255,-3.783479623853909,0.06993168262475785,0.07760332772875397,0.5339557345323884,0.5339557345323884,1.1097019950908509,7.635390919985565,7.635390919985565
3800000828,20693,86,255,-3.1794670129559495,0.08651638763185052,0.10959292241974673,0.6365473190434082,0.6365473190434082,1.2667302163156975,7.357534641322299,7.357534641322299
3800000900,16458,86,255,-0.3251777607166275,0.19505662877692226,0.373967633974303,0.25384721969608925,0.373967633974303,1.9172259682699295,1.3014026813023782,1.9172259682699295
3800001003,3640,31,255,-1.3191007495117555,0.1738951006988918,0.35854687989487716,0.22645680466640145,0.35854687989487716,2.0618572832349042,1.3022609823753626,2.0618572832349042
3800001011,20689,86,255,-3.6120657626826023,0.04798206460764629,0.052277683429543594,0.32042394393907886,0.32042394393907886,1.089525510355233,6.67799409131755,6.67799409131755
3800001070,1777,84,23,-4.749504604847733,0.3825577793829836,0.419352042376749,1.0796187402781157,1.0796187402781157,1.0961796229921394,2.82210635480842,2.82210635480842
3800001111,20627,86,255,-2.5354757950407265,0.103751142223843,0.06535943676210931,0.8258471425051731,0.8258471425051731,0.629963539303465,7.959884824433147,7.959884824433147
3800001203,2597,34,214,-0.3570037978534648,0.42477198815921363,0.6529281970080656,0.462562081762626,0.6529281970080656,1.5371263058978695,1.0889655972070547,1.5371263058978695
3800001210,20730,86,255,-2.35759468356264,0.084910728156604,0.09524116689289559,0.4324517640186901,0.4324517640186901,1.1216623501006702,5.093016788421639,5.093016788421639
3800001411,20720,86,255,0.539288355415657,0.06837310956386104,0.15678705622723357,0.16740441618473173,0.16740441618473173,2.293109926217312,2.448395535212197,2.448395535212197
3800001500,2300,18,255,1.037648429433796,0.29409331565596264,0.4618519872324324,0.31738656535095666,0.4618519872324324,1.5704266729160137,1.0792036012210595,1.5704266729160137
3800001510,20678,86,255,-2.3745009233146495,0.07651106280047977,0.06761830693402458,0.545832134135161,0.545832134135161,0.8837716332650469,7.134028912374986,7.134028912374986
3800001520,20726,86,255,-3.140459104701688,0.0908477444008232,0.06137727235849484,0.7331839211494697,0.7331839211494697,0.6756059026374537,8.070469178790377,8.070469178790377
3800001527,20671,86,255,-2.392796145940645,0.10939876340907084,0.16232326005729505,0.6742521928871464,0.6742521928871464,1.4837760043989305,6.163252415988832,6.163252415988832
3800001532,11308,86,255,-0.9452455627371386,0.15137238897620034,0.2686425082943012,0.444289151939378,0.444289151939378,1.7747127472272288,2.9350739255970373,2.9350739255970373
3800001611,20722,86,255,-1.5016506009396942,0.08005454801199681,0.09120391889398032,0.4676388886272322,0.4676388886272322,1.1392721732725626,5.841503078090613,5.841503078090613
3800001621,20722,86,255,-3.155428397601917,0.06764016864864439,0.0729337565917969,0.4391189400261359,0.4391189400261359,1.0782610104160142,6.491984700794156,6.491984700794156
3800001631,2071,15,243,0.3245943955539956,0.21981618865657662,0.3176975141593611,0.22654260137540572,0.3176975141593611,1.4452871560597682,1.0306001698962122,1.4452871560597682
3800001710,20413,86,255,-3.4791614997451275,0.08640637973133233,0.08628630687081178,0.6635553427520936,0.6635553427520936,0.9986103704275783,7.679471641044554,7.679471641044554
3800001720,20713,86,255,-3.748679467454712,0.04800660520493978,0.056220091775944246,0.29944012532505887,0.29944012532505887,1.171090760030649,6.237477614731381,6.237477614731381
3800001727,1398,36,54,-2.867996907516689,1.1099569486912002,1.5580449192538708,1.5888610673979886,1.5888610673979886,1.4036985137946396,1.43146188622134,1.43146188622134
3800001912,20752,86,255,-0.9597666075064613,0.0775974957916407,0.11327109773304604,0.45317790178378925,0.45317790178378925,1.4597262009226892,5.840109879326911,5.840109879326911
3800002400,12644,79,255,-0.6638005157236215,0.081522274414248,0.12378924691511678,0.12068808369615623,0.12378924691511678,1.518471458316938,1.4804307726117987,1.518471458316938
3800002720,18900,86,253,-1.1682807752639253,0.07329253368778614,0.13130547964698291,0.32787296633503765,0.32787296633503765,1.791525999173697,4.473483857601667,4.473483857601667
3800002727,10195,86,122,-1.9989531490385297,0.09497587059231581,0.120817261498816,0.2890938036047974,0.2890938036047974,1.2720837486968077,3.0438657924572587,3.0438657924572587
3800002910,18455,86,240,-0.5921312706181237,0.1629031539384267,0.24805118891249475,0.2538298955040294,0.2538298955040294,1.5226911383572836,1.5581644023907035,1.5581644023907035
3800002920,20622,86,255,-2.088490923174475,0.07562939231717555,0.08583311350821918,0.43914355983399905,0.43914355983399905,1.1349174028564335,5.806519745554915,5.806519745554915
3800003301,10913,71,255,1.6838390912067602,0.2404367093810388,0.4040282750813912,0.3575479604356567,0.4040282750813912,1.6803934645482779,1.4870772493771844,1.6803934645482779
3800003500,20573,86,255,-1.8559143938398597,0.08460668602364319,0.15727106044702913,0.25308596057855554,0.25308596057855554,1.858849079646968,2.99132341039609,2.99132341039609
3800003510,15744,86,255,-2.174752041168871,0.17229135007688656,0.18164075171197885,1.1007918979124305,1.1007918979124305,1.0542650668818838,6.389130373760448,6.389130373760448
3800003700,20656,86,255,-1.501940653767757,0.07381970126527984,0.10839034140747426,0.3187460754654806,0.3187460754654806,1.4683118401950819,4.317899828936301,4.317899828936301
3800003802,16553,86,222,-0.8992532597158238,0.180953574450089,0.23719080680686785,0.48481224243769877,0.48481224243769877,1.3107826553174295,2.679207879208933,2.679207879208933
3800003900,9589,85,158,-1.3134840218314459,0.10576539964347381,0.16330346456817216,0.23875994609655163,0.23875994609655163,1.5440159552996942,2.2574485313854167,2.2574485313854167
3800004001,15820,86,210,-0.8469916067547987,0.14746488894137144,0.14795075525720391,0.2233185471206801,0.2233185471206801,1.0032947932170189,1.5143845339989122,1.5143845339989122
3800004120,9700,85,156,-4.106630801531985,0.21696844021942122,0.28016649941794963,0.7341029837778783,0.7341029837778783,1.291277658329552,3.383455137694111,3.383455137694111
3800004170,10217,86,126,-2.5816080531512626,0.06438191180370413,0.06652820798286778,0.3363109560481439,0.3363109560481439,1.0333369438563358,5.223687005032285,5.223687005032285
3800004220,6333,85,144,1.1163101886177214,0.12876217394314302,0.19235500932122537,0.33891220658481497,0.33891220658481497,1.4938782363690348,2.632078942178058,2.632078942178058
3800004270,4166,67,125,-0.20278815388200122,0.16684024480413026,0.240162148900384,0.2354766549631504,0.240162148900384,1.4394737263921744,1.4113900110827515,1.4394737263921744
3800004510,20308,86,255,-1.6014753388991618,0.0879131654048318,0.10666465575616149,0.3993708995261032,0.3993708995261032,1.213295588493269,4.542788303515612,4.542788303515612
3800004511,19856,86,255,-1.897278420271567,0.11634803905915858,0.13947045217713697,0.29519686263659767,0.29519686263659767,1.198734876023321,2.5371881212927123,2.5371881212927123
3800004900,20695,86,255,-2.349257482549644,0.057425239148357864,0.07263927577836982,0.2000389504089095,0.2000389504089095,1.2649364087227666,3.4834674330586544,3.4834674330586544
3800004920,19901,86,255,-1.0869295418126304,0.0923114313605928,0.11375723704983698,0.4444641943963387,0.4444641943963387,1.232320151179015,4.814833741014635,4.814833741014635
3800005231,20225,86,255,-0.6137695069273335,0.11084822649500257,0.11545859625759741,0.5439901087637503,0.5439901087637503,1.0415917323025703,4.9075219871765405,4.9075219871765405
3800005332,20129,86,255,-1.254151588126419,0.06065674760927681,0.06666562395575873,0.3325335996348138,0.3325335996348138,1.0990636092984802,5.482219418964632,5.482219418964632
3800008020,16727,86,214,-2.2605861512706955,0.09451590801686997,0.12308235952968896,0.4295000117477406,0.4295000117477406,1.3022396135444227,4.544208702635327,4.544208702635327
3800008200,1790,81,44,-6.997147343272411,1.39881214911607,1.2338799238996192,4.432883168285642,4.432883168285642,0.8820912262445861,3.1690339343183753,3.1690339343183753
3800008220,17338,86,210,-2.2909059783577863,0.1075570392007025,0.11767631140462802,0.5462905014863975,0.5462905014863975,1.0940828445922806,5.0790771626486855,5.0790771626486855
3800008800,3553,64,255,-1.3879582347731472,0.16966535576144828,0.290504021119418,0.18828719544483064,0.290504021119418,1.712217675881165,1.1097562881933594,1.712217675881165
3800010401,19362,86,247,-1.8069901762069769,0.05250774824622236,0.06475010806307441,0.21625753214724894,0.21625753214724894,1.2331533959415755,4.1185832447653565,4.1185832447653565
3800010601,19397,86,248,-2.1219211505505737,0.06648627941153216,0.07549123035992257,0.3106210842355456,0.3106210842355456,1.1354407409783331,4.671957687884514,4.671957687884514
3800010901,14521,86,210,-0.378273314686834,0.1495810302360157,0.2170838611784229,0.3113124197993954,0.3113124197993954,1.451279355650233,2.081229279596434,2.081229279596434
3800012100,3167,81,62,-0.9181675864664451,0.69187531103394,0.8036989082315503,0.9178120324419221,0.9178120324419221,1.1616239160644437,1.3265569934419856,1.3265569934419856
3800012121,12903,86,176,-1.4031085737997704,0.10711111055434161,0.16350938526558123,0.22977747698042816,0.22977747698042816,1.5265399118668141,2.1452254186446247,2.1452254186446247
3800012200,2888,81,56,2.6073735623735566,0.7455559945070241,0.9810353613705727,1.0622442444285596,1.0622442444285596,1.3158439722817223,1.424767894369806,1.424767894369806
3800012300,4065,83,72,-3.471471443586398,0.5315277750618121,0.6823146443949144,1.688171102134803,1.688171102134803,1.2836857759983795,3.176073163699645,3.176073163699645
3800012500,8118,84,144,-1.0754645134108198,0.15496934313608612,0.25927330244217217,0.3945449561722481,0.3945449561722481,1.673061892083337,2.5459548849334603,2.5459548849334603
3800012600,8664,84,141,-1.0287728124419164,0.5623979329545068,0.7422435514667467,1.2167581976639172,1.2167581976639172,1.3197835695580125,2.163518260587815,2.163518260587815
3800012700,9069,85,146,-1.5294484999465805,0.38064572683811126,0.513574908896733,0.9398993611530466,0.9398993611530466,1.3492202136690647,2.469223466556308,2.469223466556308
3800012800,5364,83,93,1.841033810949466,0.4232284763160709,0.4270523851373734,1.2757634254476558,1.2757634254476558,1.0090350934194863,3.0143610291829797,3.0143610291829797
3800013010,7659,85,155,-1.6649992035544408,0.4535937681388259,0.6882751626286618,0.7994271203546968,0.7994271203546968,1.5173823164563625,1.7624296815956826,1.7624296815956826
3800013110,5742,83,90,0.16937061523333785,0.31158065972165483,0.2952593902977702,0.6381096949148306,0.6381096949148306,0.947617835335271,2.0479759413978864,2.0479759413978864
3800013400,14835,86,180,-3.2870925971313487,0.06374856977626402,0.07902690906565983,0.2529062465960076,0.2529062465960076,1.2396656010168956,3.9672458140413696,3.9672458140413696
3800013510,4176,85,54,-1.6552374828339271,0.4341887327908982,0.4177660976208288,2.250875708487463,2.250875708487463,0.9621762751315373,5.184095160690102,5.184095160690102
3800013520,2210,86,44,-2.6829522071037757,0.2845823928651008,0.2721460320040945,1.0337922448701367,1.0337922448701367,0.9562996124398271,3.632664109898676,3.632664109898676
3800013600,7161,86,86,-2.2331546193764944,0.11306422728399142,0.10418968604835324,0.6055851402077047,0.6055851402077047,0.9215088498915986,5.356116207176773,5.356116207176773
3800013610,4122,86,78,-2.0930436384650477,0.4355615504902553,0.4254632832204598,1.4418810225671117,1.4418810225671117,0.9768155218052897,3.310395559351308,3.310395559351308
3800013700,10986,86,132,-1.092907839281299,0.13071148957896736,0.23778679988163906,0.557039033124616,0.557039033124616,1.8191729024554018,4.261591960422801,4.261591960422801
3800013710,6934,86,85,-3.5953302631327775,0.07541603090065699,0.08253821034838082,0.21288138678351107,0.21288138678351107,1.0944385346545968,2.8227604163355213,2.8227604163355213
3800013800,5543,86,72,-1.2624369012744054,0.19470541628550353,0.2903894832983449,0.23842419436308046,0.2903894832983449,1.4914299193019696,1.2245380683887628,1.4914299193019696
3800013900,7083,86,85,-3.133423865109226,0.08535774972011419,0.07158383678796107,0.5826584377833453,0.5826584377833453,0.8386331296535181,6.826075426002523,6.826075426002523
3800013930,3253,85,45,-3.2101719241050257,0.24295686123235025,0.2170525703235966,0.2437934555391272,0.2437934555391272,0.8933790518310152,1.0034433862148757,1.0034433862148757
3800014400,2528,85,33,-3.1656754162089937,0.07734135402839987,0.07662820386654208,0.11373673603337964,0.11373673603337964,0.9907791870104069,1.4705811329811387,1.4705811329811387
3800014500,919,84,13,-3.5537621904835808,0.2563185184710459,0.2562808497918602,0.32532587694849413,0.32532587694849413,0.9998530395719732,1.269225020841572,1.269225020841572
3800014600,913,84,13,-4.371096095672448,0.45441964903803844,0.5507686943301765,0.3433184910900795,0.5507686943301765,1.2120265826887096,0.7555097844401114,1.2120265826887096
3800014700,924,84,13,-4.147390685685912,0.18389759314326712,0.17874609506525924,0.08418629610444157,0.17874609506525924,0.9719871370257981,0.4577890045513291,0.9719871370257981
3800050530,6316,86,75,-2.384551979888082,0.07873644994135803,0.06328958622897558,0.5080255617514521,0.5080255617514521,0.8038155933638476,6.45222844222496,6.45222844222496
3800054276,2234,86,76,-2.3611715748319977,0.30562275938859185,0.3171178848211696,0.32637440028426834,0.32637440028426834,1.0376121380998395,1.0678995273034992,1.0678995273034992
3800054280,1653,62,60,-1.0890720360551422,0.5073488907783601,0.6025008314885745,0.5816202344522288,0.6025008314885745,1.1875473514177493,1.1463910634749268,1.1875473514177493
3828125001,20108,86,255,-1.3876133220812128,0.08076341351266149,0.14682537409457644,0.18982051290628696,0.18982051290628696,1.8179689008756204,2.3503280093099126,2.3503280093099126
3828125005,20322,86,255,-1.9504261916229213,0.0747396821596337,0.1266568086150721,0.17360330964001414,0.17360330964001414,1.6946393797146546,2.3227729182634373,2.3227729182634373
3828125029,18313,86,223,-2.4856186679557934,0.06092675647510084,0.06477459166553502,0.3920172572874155,0.3920172572874155,1.0631550965954784,6.434238091233736,6.434238091233736
3828125033,18277,86,223,-2.4973502794163647,0.04032281052368604,0.05044736857815712,0.23581302963033304,0.23581302963033304,1.251087608303588,5.848129794717906,5.848129794717906
3828125035,217,42,58,1.1887780652710216,1.601262375597432,1.4436017561075962,1.8606586468160418,1.8606586468160418,0.9015397964178029,1.1619948580393196,1.1619948580393196
3828125037,18200,86,223,-2.7647653555549234,0.03734153687985882,0.05633792387025273,0.17810553360111578,0.17810553360111578,1.5087200093427362,4.7696358661976195,4.7696358661976195
3828125041,18252,86,222,-2.367001537811149,0.052541758683968404,0.04281411289985764,0.34862185110082705,0.34862185110082705,0.8148587708565059,6.63513859895213,6.63513859895213
3828125045,18271,86,222,-2.2941649273878433,0.06278707467463503,0.06450188455450127,0.42931131405113754,0.42931131405113754,1.0273115109877702,6.837574712245233,6.837574712245233
3828125049,18199,86,222,-2.0272196636899653,0.07198777201931172,0.056973495317976935,0.559825492439044,0.559825492439044,0.7914329575680298,7.776674798170764,7.776674798170764
3828125061,10521,86,128,-2.7145075685004576,0.06282256816426196,0.07437572972131089,0.2544353751829985,0.2544353751829985,1.1839014528479783,4.050063259396324,4.050063259396324
3828125065,10588,86,128,-2.3783027371734313,0.06611393298551896,0.06506835957365693,0.2950405918779001,0.2950405918779001,0.9841852788868114,4.462608387592421,4.462608387592421
3828125069,10581,86,128,-2.817995994304246,0.056068120957069326,0.059044004801949504,0.2561204223434153,0.2561204223434153,1.05307621860841,4.56802221960539,4.56802221960539
4240091020,591,53,72,-0.7926153034978738,0.21933923694795066,0.23045270071308122,0.1903255706933625,0.23045270071308122,1.0506679238962056,0.8677224072705555,1.0506679238962056
4300010200,1229,84,17,-3.1338413146375323,0.10708599067034756,0.09789260256308567,0.25588552195338077,0.25588552195338077,0.9141494788467455,2.3895331252161283,2.3895331252161283
4300010446,12541,84,249,-0.6354681468851844,0.13048074786069053,0.17737097944541536,0.2298217203764189,0.2298217203764189,1.3593651351139389,1.7613458241501732,1.7613458241501732
4300010510,19272,86,255,-0.7894636141127336,0.09069634328668785,0.1492371463376284,0.22740338479622516,0.22740338479622516,1.6454593529299766,2.507304887446358,2.507304887446358
4300010521,20606,86,255,-1.7885691929075347,0.05417724234282264,0.05414840256941706,0.36897779061536695,0.36897779061536695,0.9994676773464569,6.81056795546274,6.81056795546274
4300010713,4691,86,60,-3.011365374193774,0.11047721294805514,0.09894185235014029,0.4985441927766667,0.4985441927766667,0.8955860644010035,4.512642738472008,4.512642738472008
4300010934,5084,61,255,0.5561142202775102,0.23944639727983608,0.4053518331423401,0.29166256837310695,0.4053518331423401,1.6928708794420229,1.2180703977443725,1.6928708794420229
4300011171,18910,86,234,-2.5582170352392395,0.07197938601150733,0.13262387523169447,0.40929858990467327,0.40929858990467327,1.842525792182944,5.686330664716128,5.686330664716128
4300011230,20333,86,255,-1.7520157294487888,0.06607213057519211,0.0805450105901492,0.28958728521669697,0.28958728521669697,1.219046667467254,4.382896127242904,4.382896127242904
4300011240,20341,86,255,-1.9716975810586472,0.05595859927825176,0.06449994391441403,0.2388274975230891,0.2388274975230891,1.152636855574079,4.267932017660583,4.267932017660583
4300011313,20723,86,255,-1.2234344245580384,0.05878909002335132,0.07850666808121184,0.2535257899615361,0.2535257899615361,1.3353951906727695,4.312463245490521,4.312463245490521
4300011410,10697,85,254,-1.0603546999244928,0.11547325472574722,0.28394848340402146,0.19757364686324547,0.28394848340402146,2.458997835285828,1.710990543502817,2.458997835285828
4300011460,15904,86,255,-2.8361247608729916,0.09833130193199709,0.1499002217356809,0.4130498914642746,0.4130498914642746,1.5244405269783503,4.200594148035661,4.200594148035661
4300011470,19093,86,253,-3.3335188859064218,0.12100957778099836,0.1747012801089082,0.2676612771636398,0.2676612771636398,1.4436979560831162,2.211901587228491,2.211901587228491
4300011650,6826,86,82,-2.816552705224677,0.08113677666392757,0.09912942602664203,0.3733606195151581,0.3733606195151581,1.2217570145439827,4.601620065110988,4.601620065110988
4300011760,19551,86,255,-2.2865291735463202,0.05438338909451445,0.06809651117589711,0.26211076710062226,0.26211076710062226,1.2521564453725058,4.819684309212367,4.819684309212367
4300011817,20581,86,255,-1.8555020344082394,0.09182910002481912,0.09500581927577956,0.5181314678626565,0.5181314678626565,1.0345938188450268,5.642345048820238,5.642345048820238
4300011862,14297,86,222,-1.2200575328385694,0.15468935113288113,0.17612060593631026,0.4570175413807517,0.4570175413807517,1.1385438276550741,2.9544214778441007,2.9544214778441007
4300012560,3485,85,44,-3.5415887845994556,0.08647834457523514,0.10474079226303898,0.35596865621316753,0.35596865621316753,1.2111794320012188,4.116275097096465,4.116275097096465
4300012600,9921,86,125,-2.5367291837710777,0.1014256463727575,0.1583081176785966,0.33429733397313915,0.33429733397313915,1.5608292709004365,3.2959842596865125,3.2959842596865125
4300012610,10030,86,125,-2.7592656932659443,0.09864676800007223,0.14745997996217278,0.3741475908881244,0.3741475908881244,1.4948282944461475,3.792801309900497,3.792801309900497
4300012951,19339,86,247,-1.9684102804231793,0.051883182490004565,0.06290239901460774,0.2529930424148469,0.2529930424148469,1.2123851312846134,4.876205164623173,4.876205164623173
4300012965,1217,85,60,-1.0793543152100915,0.26896908255301966,0.2564907471386723,0.7712706602722971,0.7712706602722971,0.9536068038158714,2.8675067518968946,2.8675067518968946
4300012971,19460,86,248,-1.5894103764565712,0.05300504869772722,0.05972380342130502,0.29731675295863286,0.29731675295863286,1.1267568823847884,5.609215730640039,5.609215730640039
4300012974,784,85,47,-2.6860286735742953,0.39606086574332516,0.44429784815082607,1.0163949975592825,1.0163949975592825,1.121791842061876,2.5662595966196187,2.5662595966196187
4300012990,7427,86,116,-2.6883938878431026,0.1940829503419454,0.23211354118233737,0.7250092180038221,0.7250092180038221,1.195950189202028,3.7355636686605562,3.7355636686605562
5200034844,13515,86,177,-0.9751979938483739,0.06717039529005683,0.09506215408683226,0.17909622203751505,0.17909622203751505,1.4152388664132844,2.6662969789613027,2.6662969789613027
5200034847,20412,86,254,-0.9173406890660494,0.06374399093821854,0.1129231152770182,0.16113294657269364,0.16113294657269364,1.7715099668996983,2.527813903727265,2.527813903727265
5200034916,4083,85,61,-1.757095544400425,0.3872545516495267,0.44751680194709065,0.4305973362589176,0.44751680194709065,1.1556140529294605,1.1119232412498976,1.1556140529294605
5200034940,15116,86,204,-0.6937023285311419,0.09221287501257582,0.1691928571377933,0.19119466618130784,0.19119466618130784,1.834807309876404,2.0734053260483756,2.0734053260483756
7572514080,7697,83,121,-0.08675053769264078,0.45659905895351705,0.5090869374619502,0.4544235232717001,0.5090869374619502,1.1149539787242018,0.9952353478633901,1.1149539787242018
