scenario,seed,true_mean_elasticity,naive_bias,fe_bias,pooled_bias,products_usable_share,raw_product_bias,raw_product_rmse,final_product_rmse,raw_ci95_coverage,contexts,share_actionable,share_of_attainable_gain_captured,median_regret_vs_bounded_truth,direction_agreement_when_moved,engine_self_scored_uplift,true_uplift_of_engine_prices,true_uplift_bounded_best
clean,101,-2.3308504786447006,1.7513622435869964,-1.0758617694025525,0.031688836953469135,1.0,-0.026386388443660404,0.1682089998930467,0.15062568382082175,1.0,300,0.84,0.7801466371205038,0.007714591239709634,1.0,0.11686486791172412,0.11931910130015999,0.1529444538023812
clean,102,-2.1589173756334707,1.7753112506034057,-1.142115404897941,-0.046243949773005166,1.0,-0.04999111188993668,0.2884363919611546,0.2457441736053489,0.95,300,0.9033333333333333,0.8503491035916836,0.007435965660931965,1.0,0.13347940114932788,0.1343636067251439,0.15800993516383133
clean,103,-2.4546125917357178,2.5161130436503956,-1.1835507737184208,-0.28088595517540993,1.0,-0.12951873299310898,0.2227264169718297,0.23554496747481987,0.95,299,0.7357859531772575,0.7596554862869644,0.007093349108128644,1.0,0.09584498422931009,0.10638685296038419,0.14004618525218682
clean,104,-2.12083607709353,1.5790077526341206,-1.2428865953245167,-0.23600776352100006,1.0,-0.17552744112141844,0.2931566615977751,0.2904908324747642,0.9,300,0.8233333333333334,0.6598324687015342,0.010946895285525282,1.0,0.11651356468893392,0.12372724414755587,0.18751311888460886
clean,105,-2.2966856231978015,1.193848304510586,-1.1887966878216876,-0.09255014449690568,1.0,-0.1487147806375193,0.30226459625007607,0.2900797085609194,0.85,300,0.81,0.6906360428970539,0.00942427070734947,1.0,0.11588555209325468,0.11905299976577899,0.17238167771606583
store pricing,101,-2.3219138812318145,1.7141525764473995,-1.0695205309844504,0.007903642880823458,1.0,-0.06987791017965686,0.21298252784478622,0.19412564244115896,0.95,300,0.77,0.6761896638244312,0.008628605511490695,1.0,0.09981035722086196,0.1038822272760953,0.15362883053927856
store pricing,102,-2.160960318166509,1.8473299647842747,-1.2019459648726505,-0.13033553672116005,1.0,-0.08902641839629225,0.18652616588025556,0.19878174017131617,1.0,300,0.8366666666666667,0.7821662967491833,0.008638063592841416,1.0,0.12645663321343914,0.13092636566729676,0.16738942372159116
store pricing,103,-2.4378462911513146,2.42785506430727,-1.1892225441861153,-0.32667828812044375,1.0,-0.10359728242310498,0.1986205598054893,0.20965303671205102,1.0,300,0.7466666666666667,0.6814917970256703,0.00896832993693969,1.0,0.11804458509427063,0.12323201481713619,0.18082684979478092
store pricing,104,-2.1378734098713283,1.7500449993446354,-1.2487269014819198,-0.16681364169692792,1.0,-0.07887884016759912,0.23754189677164617,0.2013397411392611,0.95,300,0.7966666666666666,0.5691937069981485,0.011492144572468721,1.0,0.12387046633238263,0.12705034397281234,0.22321108334605255
store pricing,105,-2.2886321473383786,1.3645873260969337,-1.1625244235620613,-0.10180308157653872,1.0,-0.1384883818229051,0.325038487470073,0.324735007087966,0.85,300,0.6866666666666666,0.6056599132481361,0.008735502408033724,0.9951456310679612,0.08807145165230157,0.08831530385353714,0.14581665704092028
seasonal promos,101,-2.3425087144836265,1.6860426860847282,-1.2279229007622265,0.010033975695850295,1.0,-0.08204113895054488,0.18578428952718104,0.16216302253915135,1.0,298,0.7751677852348994,0.7696665076706571,0.008576505767495968,1.0,0.1260585777381702,0.1293030364099077,0.16799878274713342
seasonal promos,102,-2.1687006164746694,1.7179584294715735,-1.3649943438975622,-0.21040201161394378,1.0,-0.18990611427002096,0.3672795020860841,0.313317225683776,0.8,300,0.7533333333333333,0.7625738361170152,0.010876766672438976,0.9911504424778761,0.13770073728455823,0.1443703474494784,0.18931982794558566
seasonal promos,103,-2.452993909469295,2.4962025442441957,-1.330890005131586,-0.25780485330747904,1.0,-0.09627097742645882,0.29170942614708945,0.2903375901075681,0.9,300,0.72,0.707164005145568,0.007093349108128644,1.0,0.09773186160456704,0.10869703941648523,0.15370838818939925
seasonal promos,104,-2.1203842336811363,1.6491343087694366,-1.3880388314176546,-0.20246357550690286,1.0,-0.09464827396729361,0.17368739472164013,0.19803486629956013,1.0,299,0.8494983277591973,0.676617091329185,0.010946895285525393,1.0,0.12780337271260422,0.13496686516425482,0.19947303562657326
seasonal promos,105,-2.301882622222444,1.185722087145692,-1.3197517381067088,-0.0725026295766793,1.0,-0.15664090515058074,0.3470714505114589,0.31094219243945853,0.8,300,0.7566666666666667,0.6880116798218288,0.009425072315922656,1.0,0.1407777630177416,0.14117426559911683,0.20519167005373506
promos half unrecorded,101,-2.3308504786447006,1.7513622435869964,-1.0758617694025525,-0.8900082096047623,1.0,-1.0129895939491338,1.0255752248672905,1.0187243320026862,0.0,300,0.6033333333333334,0.6703875207845288,0.026310157981023652,0.8397790055248618,0.0618900349897451,0.10233812926531516,0.15265518240189335
promos half unrecorded,102,-2.1589173756334707,1.7753112506034057,-1.142115404897941,-0.9119305976425993,1.0,-1.0137211997550681,1.0226681793886516,1.01336553578068,0.0,300,0.79,0.7781267577403791,0.020019322074558976,0.8734177215189873,0.06848019661128779,0.12071590798603671,0.15513655941685722
promos half unrecorded,103,-2.4546125917357178,2.5161130436503956,-1.1835507737184208,-0.9682794095119416,1.0,-1.0561002583164645,1.0684647871330704,1.0628676698140933,0.0,299,0.6454849498327759,0.6326168843799074,0.029064192973123237,0.8756476683937824,0.05716979777682751,0.08710797758925537,0.13769467704713367
promos half unrecorded,104,-2.12083607709353,1.5790077526341206,-1.2428865953245167,-0.9720828025250672,1.0,-1.0622069553259252,1.0756510645664172,1.0666220772807817,0.0,300,0.5733333333333334,0.5548516519097709,0.0284371488091702,0.9825581395348837,0.05736066029884279,0.10318707225348756,0.18597236197877942
promos half unrecorded,105,-2.2966856231978015,1.193848304510586,-1.1887966878216876,-0.90896298259009,1.0,-1.055261510039986,1.067050895353195,1.063405899508807,0.0,300,0.6833333333333333,0.578182031616658,0.028253150431521656,0.9170731707317074,0.06556428559367866,0.1004335514908048,0.17370576392694526
promos unrecorded,101,-2.3308504786447006,1.7513622435869964,-1.0758617694025525,-1.1630812094195204,1.0,-1.2657161224662907,1.272685757704927,1.2694107293692853,0.0,300,0.66,0.5600646261831795,0.043080532342790745,0.6464646464646465,0.054216053632188066,0.08575678045324331,0.1531194373722058
promos unrecorded,102,-2.1589173756334707,1.7753112506034057,-1.142115404897941,-1.16635635847343,1.0,-1.252927678915532,1.2586279836143288,1.2543546131049277,0.0,300,0.73,0.6693612159534277,0.036189765324040224,0.7534246575342466,0.05682340796948959,0.10340645135761362,0.154485274756057
promos unrecorded,103,-2.4546125917357178,2.5161130436503956,-1.1835507737184208,-1.1662704467212937,1.0,-1.248357641392511,1.2576821791467307,1.2539337780134516,0.0,299,0.5852842809364549,0.4515288914727141,0.0458238468904012,0.7028571428571428,0.054106930613373905,0.06220107553005039,0.13775657926821538
promos unrecorded,104,-2.12083607709353,1.5790077526341206,-1.2428865953245167,-1.1973191829745384,1.0,-1.2756213807683543,1.2862677475014328,1.2800951589650758,0.0,300,0.5166666666666667,0.46609528323410826,0.055157765311344586,0.9032258064516129,0.04637625588638228,0.08626239029391658,0.1850745832383569
promos unrecorded,105,-2.2966856231978015,1.193848304510586,-1.1887966878216876,-1.1781249838026042,1.0,-1.2856262446222257,1.2925285383599083,1.2912778622215517,0.0,300,0.5533333333333333,0.4593101087508893,0.05065111052395843,0.8072289156626506,0.05779862843794037,0.07896175224071356,0.17191381320879917
endogenous price,101,-2.335021138633603,1.4117396825495923,-1.4581488881309252,-1.4774299947164393,1.0,-1.58791925124083,1.59656608770993,1.5910315708565577,0.0,300,0.66,0.4150056417981611,0.06442051176857122,0.6212121212121212,0.06975328541512904,0.08169980965508694,0.1968643349066126
endogenous price,102,-2.185464690320588,1.5505226808128478,-1.4809870251632362,-1.439785660146149,1.0,-1.5236751020461954,1.5371303899830955,1.5328304551817848,0.0,300,0.59,0.4536150521510467,0.0649349099850175,0.6440677966101694,0.05775151499729669,0.08129491444900605,0.1792156456526406
endogenous price,103,-2.464334595463824,2.2005390705020433,-1.5231287695363709,-1.4264454650599108,1.0,-1.55866751961422,1.5727750847570943,1.571148401025489,0.0,300,0.6066666666666667,0.2820849280759747,0.07028959681737756,0.5934065934065934,0.0618799252686113,0.04670167725010055,0.1655589242879445
endogenous price,104,-2.12147978312266,1.4372715818330581,-1.5345809526931422,-1.4464102022082042,1.0,-1.55490486032525,1.5613704663112817,1.5529480434322631,0.0,300,0.6333333333333333,0.46907843717027714,0.060348106695388204,0.6947368421052632,0.081607667086671,0.11774929928655209,0.2510226221373051
endogenous price,105,-2.260585347372742,1.0584555142067782,-1.5363978419241553,-1.4962909538570508,1.0,-1.632897085781715,1.6422101549434043,1.6360687870089956,0.0,300,0.6033333333333334,0.3723922782854026,0.06834478646237324,0.7016574585635359,0.06746797837190321,0.07907460004397704,0.2123422118419278
combined,101,-2.3518836526972473,1.7342590882143487,-1.5908291124109528,-1.6234433457091857,1.0,-1.7602063619377326,1.769386380661742,1.7635506122499909,0.0,300,0.6266666666666667,0.25257593935030803,0.077779133476435,0.574468085106383,0.06680034681675728,0.04226249272917082,0.16732588558467265
combined,102,-2.1615875656592016,1.791618794887751,-1.6556672622766717,-1.604775841804829,1.0,-1.6965822704754658,1.7043531798259208,1.7003667166794907,0.0,300,0.6066666666666667,0.40827892724122955,0.07692901858331391,0.6428571428571429,0.05912473023013276,0.06929529152135117,0.1697253688540441
combined,103,-2.455881363687967,2.4734754745049465,-1.656261905403365,-1.5788968461901436,1.0,-1.7063407053679736,1.7191200690953659,1.7123083682787938,0.0,300,0.6166666666666667,0.30451434618260853,0.07406847799156024,0.6,0.07573673107585677,0.04721288089880393,0.15504320729274212
combined,104,-2.112299649529134,1.5876160166734645,-1.7126430042018082,-1.6423162127549764,1.0,-1.7385290956862156,1.7497285688628483,1.7426453315068828,0.0,300,0.61,0.3462662453886267,0.08283840755819294,0.6612021857923497,0.0766438387666537,0.08361486439246812,0.2414756433986922
combined,105,-2.268572512799534,1.2656377134004277,-1.682641569422004,-1.6296919877896254,1.0,-1.8055938847409005,1.8157267071007834,1.8047298290765676,0.0,300,0.6666666666666666,0.26778154099084717,0.07297263031016676,0.61,0.06609067140383629,0.043357569262951756,0.16191395830541477
