upc,descrip,role,units,revenue,gross_margin_rate,store_coverage,private_label,elasticity,elasticity_source
1600066610,CHEERIOS,traffic driver,337951.0,873436.04,0.16948936251817592,1.0,False,-2.4293900785711515,shrunk_product
3800000120,KELLOGGS CORN FLAKES,traffic driver,306642.0,610286.02,0.16181345490103147,1.0,False,-2.328996034389749,shrunk_product
3800001510,KELLOGG'S FROSTED FL,traffic driver,251666.0,657185.92,0.07526269505895683,1.0,False,-2.2777234558415023,shrunk_product
3800001520,KELLOGG'S FROSTED FL,traffic driver,229775.0,463996.01,-0.07138195500000098,1.0,False,-2.682107671527449,shrunk_product
3800001720,KELLOGGS FRUIT LOOPS,traffic driver,227394.0,601571.65,0.20871030480242878,1.0,False,-3.568489335189228,shrunk_product
3800050530,KELLOGGS RICE KRISPI,traffic driver,186910.0,476677.56,0.013456931838788466,1.0,False,-2.2949226791431974,shrunk_product
1600066590,HONEY NUT CHEERIOS,traffic driver,178705.0,442268.75,0.09210456024080381,1.0,False,-2.8877793407748547,shrunk_product
3800000820,KELLOGG'S RAISIN BRA,traffic driver,165344.0,441876.0,0.19993741243244711,1.0,False,-3.307607594688275,shrunk_product
3800001621,KELLOGGS SPECIAL K,traffic driver,158720.0,619541.29,0.16880997139835505,1.0,False,-2.928900689906521,shrunk_product
1600066510,CHEERIOS,traffic driver,150695.0,376401.62,0.09760207792942018,1.0,False,-2.3567023917382093,shrunk_product
3000006610,CAPN CRUNCH CEREAL,traffic driver,145252.0,360744.2,0.2608926991480389,1.0,False,-3.190848228088261,shrunk_product
3000006560,CAPN CRUNCH JUMBO CR,traffic driver,142265.0,346738.89,0.22934560708491625,1.0,False,-2.9400591555147004,shrunk_product
79166918102,RALSTON RICE CHEX,traffic driver,140692.0,349737.02,0.2443068909891209,1.0,False,-2.028859937952365,pooled_fallback
4300011171,POST HONEY COMB,traffic driver,135184.0,350197.44,0.2025823309016765,1.0,False,-2.4632352284317824,shrunk_product
3800000127,KELLOGGS CORN FLAKE,traffic driver,131167.0,375923.36000000004,0.23238213279164135,1.0,False,-2.973421710669017,shrunk_product
3800001111,KELLOGGS COCOA KRISP,traffic driver,126995.0,351201.71,0.23851495465953168,1.0,False,-2.296880384731256,shrunk_product
3800001611,KELLOGGS SPECIAL K,traffic driver,124534.0,407319.45,0.2081217595182356,1.0,False,-1.6187209917581948,shrunk_product
4300011460,POST RAISIN BRAN,traffic driver,121707.0,306776.19,0.21166337059600357,1.0,False,-2.689096889644177,shrunk_product
1600067970,GOLDEN GRAHAMS,traffic driver,121053.0,435425.03,0.14365117560421364,1.0,False,-1.6475357318214754,shrunk_product
3800000110,KELLOGGS CORN FLAKES,traffic driver,119500.0,252341.33,0.1413445680261731,1.0,False,-2.028859937952365,pooled_fallback
4300010521,POST GRAPE-NUTS CERE,traffic driver,116136.0,335087.09,0.21694624851706462,1.0,False,-1.8248265759994335,shrunk_product
79166919541,RALSTON CORN CHEX,traffic driver,111870.0,272833.15,0.24627343958386289,0.9885057471264368,False,-2.028859937952365,pooled_fallback
1600068260,COCOA PUFFS,traffic driver,111800.0,349562.99,0.19760676003486524,1.0,False,-1.317292337475637,shrunk_product
3800000828,KELLOGGS RAISIN BRAN,traffic driver,111560.0,378965.33,0.2210177201539782,1.0,False,-2.781442178821944,shrunk_product
4300011230,HONEY BUNCHES OATS R,traffic driver,110834.0,313130.15,0.20306492409625837,1.0,False,-1.7793292544705102,shrunk_product
3000006430,QUAKER OAT SQUARES,traffic driver,110589.0,287193.01,0.17166662863417184,1.0,False,-2.196963761296906,shrunk_product
3800002920,KELLOGGS APPLE JACKS,traffic driver,109442.0,339068.19,0.21098722101592604,1.0,False,-2.0764993922503363,shrunk_product
3000002580,QUAKER TOASTED OATME,traffic driver,108897.0,271995.08,0.16538216562593702,1.0,False,-3.138230223947466,shrunk_product
3000006500,QUAKER P.B. CAPTAIN,traffic driver,108654.0,287196.16,0.25625305943157456,1.0,False,-2.844839091141168,shrunk_product
3800003500,KELLOGG'S CRISPIX,traffic driver,108126.0,326780.16000000003,0.2106676223978836,1.0,False,-1.869257882933202,shrunk_product
3800004900,BITE SIZE FRSTD MINI,traffic driver,104239.0,348867.19,0.210557115101595,1.0,False,-2.333353633082667,shrunk_product
1600065850,WHOLE GRAIN TOTAL,traffic driver,104002.0,308079.38,0.1627681150195771,1.0,False,-2.427152818092294,shrunk_product
3800000510,KELLOGGS RICE KRISPI,traffic driver,101180.0,251922.34999999998,0.16473855712285945,0.9885057471264368,False,-2.4671028029477986,shrunk_product
1600065700,CINNAMON TOAST CRUNC,traffic driver,100214.0,326144.2,0.19750655981004722,1.0,False,-1.781536064713238,shrunk_product
3800001710,KELLOGG FROOT LOOPS,traffic driver,99831.0,241303.88,0.18214214643792714,1.0,False,-2.949855624692898,shrunk_product
1600068870,LUCKY CHARMS,traffic driver,98565.0,354652.85,0.2884080073401356,1.0,False,-3.0644887821385893,shrunk_product
4300011140,POST HONEYCOMB 10 OZ,traffic driver,94652.0,198330.56,0.1435089348459461,1.0,False,-2.028859937952365,pooled_fallback
3800001011,KELLOGGS CORN POPS,traffic driver,94393.0,305027.52,0.2177024924603524,1.0,False,-3.42496983050198,shrunk_product
4300010370,POST WAFFLE CRISP,traffic driver,92534.0,235393.74,0.1958306462610263,0.9885057471264368,False,-2.028859937952365,pooled_fallback
1600066660,CHEERIOS,traffic driver,91076.0,367959.46,0.16717287565592143,1.0,False,-2.2719803814602293,shrunk_product
4300011240,HONEY BUNCHES OATS-A,traffic driver,89582.0,252193.83000000002,0.20687896743944925,1.0,False,-1.9756584226677716,shrunk_product
4300018054,NAB SPOON SIZE SHRED,traffic driver,87583.0,244468.03,0.20557322710458298,1.0,False,-2.028859937952365,pooled_fallback
3800001070,KELLOGG'S CORN POPS,traffic driver,87099.0,323993.48,0.18057309738455232,1.0,False,-3.107893022615509,shrunk_product
1600066210,WHEATIES,core,85997.0,277534.28,0.21434951541121333,1.0,False,-2.8493785809001766,shrunk_product
3800001527,KELLOGG'S FROSTED FL,core,85926.0,333661.76,0.18260013641659145,1.0,False,-2.2572637921376963,shrunk_product
3000002550,QUAKER TOASTED OATME,core,85765.0,222661.94,0.16922267686610473,1.0,False,-3.1198354108074606,shrunk_product
3800000535,KELLOGGS RICE KRISPI,core,84422.0,301544.76,0.15334792038170386,1.0,False,-3.144165221123313,shrunk_product
4300011760,POST SUGAR CRISP,core,83776.0,216837.31,0.20465936480211824,1.0,False,-2.265324544190713,shrunk_product
3800000600,~KELLOGG BRAN FLAKES,margin builder,82312.0,267330.29,0.21143397808755607,1.0,False,-0.3936779906328395,shrunk_product
3000006110,QUAKER LIFE CEREAL,margin builder,81649.0,290065.05,0.21248906735230597,1.0,False,-1.5134954538393233,shrunk_product
3800004920,KELL FROST MINI WHTS,margin builder,80847.0,307680.07,0.21712076817650233,1.0,False,-1.2800187854267755,shrunk_product
1600065720,CINNAMON TOAST CRUNC,core,79388.0,349377.95,0.16336251376768338,1.0,False,-1.4401507740184207,shrunk_product
4300012951,POST COCOA PEBBLES,core,79062.0,208208.62,0.19391582211629857,1.0,False,-1.9730710702571963,shrunk_product
4300012971,POST FRUITY PEBBLES,core,78748.0,215893.05000000002,0.187535997856346,1.0,False,-1.634869331393766,shrunk_product
1600065890,TOTAL,core,78669.0,320909.87,0.1605455749771735,1.0,False,-1.647415797502199,shrunk_product
4300018059,NABISCO WHEAT N BRAN,core,78098.0,212950.93,0.2017196567021332,1.0,False,-2.028859937952365,pooled_fallback
3828125049,DOM CORN FLAKES,margin builder,78025.0,161911.0,0.5107435436319954,1.0,True,-2.027695857040732,shrunk_product
1600067350,BIG G TRIAL SIZE PAL,core,76692.0,60300.61,0.11143005662795119,0.9540229885057471,False,-2.028859937952365,pooled_fallback
1600068890,LUCKY CHARMS,margin builder,76349.0,332497.56,0.23682237923791077,1.0,False,-0.6303977877686376,shrunk_product
79166918982,COOKIE CRISP CHOCOLA,core,75362.0,234595.31,0.2869560872124852,1.0,False,-2.028859937952365,pooled_fallback
1600066750,HONEY NUT CHEERIOS,core,74350.0,299068.44,0.19555855714163622,1.0,False,-1.750798430418662,shrunk_product
3800002727,KELLOGG FROSTED MINI,margin builder,73700.0,227350.98,0.21370111858325835,1.0,False,-2.0018947016127644,shrunk_product
3800001210,KELLOGGS HONEY SMACK,core,73663.0,197654.89,0.219755384250802,1.0,False,-2.2930946389696114,shrunk_product
3800001727,KELLOGGS FRUIT LOOPS,core,72588.0,239722.33,0.22645879209500425,1.0,False,-2.028859937952365,pooled_fallback
4300011650,POST BANANA NUT CRUN,core,71739.0,212237.73,0.21857980303502117,1.0,False,-2.6952949226839205,shrunk_product
1600066110,WHEATIES,core,71346.0,171073.9,0.13642134040902792,1.0,False,-1.9068310292462092,shrunk_product
1600067440,TRIX,core,69775.0,198606.31,0.187482272657903,1.0,False,-2.7907073833840323,shrunk_product
3828125045,DOM CRISPY RICE,core,68897.0,155230.03,0.3310298836893867,1.0,True,-2.2427174585317946,shrunk_product
1600066310,KIX,core,68766.0,182988.08,0.16980065408632083,1.0,False,-2.058393487109326,shrunk_product
3800001532,KELLOGG FROSTED FLAK,margin builder,68347.0,313272.03,0.22451035418961596,1.0,False,-1.1672399529344717,shrunk_product
79166915516,RALSTON/WHEAT CHEX,core,67970.0,177252.53,0.2377154455961785,1.0,False,-2.028859937952365,pooled_fallback
1600062750,APPLE CINNAMON CHERR,core,67223.0,155445.25,0.0742091439654798,1.0,False,-1.8431358957774984,shrunk_product
3800000810,KELLOGGS RAISIN BRAN,core,66760.0,163302.39,0.26656105429932775,1.0,False,-2.383433315497688,shrunk_product
3828125033,DOM RAISIN BRAN,core,66710.0,182896.91,0.3509335002652587,1.0,True,-2.46564727285938,shrunk_product
1600068780,MULTI GRAIN CHEERIOS,core,63718.0,174274.86,0.06820093409342003,1.0,False,-2.9024752090090646,shrunk_product
3800001912,KELLOGGS PRODUCT 19,margin builder,63283.0,206624.28,0.21379159011225593,1.0,False,-1.1857663943862962,shrunk_product
4300011313,POST/NATURAL BRAN FL,core,62048.0,169971.32,0.17823411615559612,1.0,False,-1.285775895047215,shrunk_product
1600068360,TOTAL RAISIN BRAN,core,61921.0,251642.69,0.19664320518509798,1.0,False,-2.028859937952365,pooled_fallback
1600066370,KIX,core,60925.0,212651.77,0.1553868151250281,1.0,False,-0.8375862230471579,shrunk_product
1600086980,GM RAISIN NUT BRAN,core,60429.0,236759.32,0.16838045015503508,0.9885057471264368,False,-2.028859937952365,pooled_fallback
3800016820,KLLG HNY CRUNCH CORN,core,60106.0,157405.59,0.23559866443752095,0.9540229885057471,False,-2.028859937952365,pooled_fallback
3800003510,KELLOGGS CRISPIX,core,59890.0,258708.3,0.212691661384656,0.9885057471264368,False,-2.085371532018156,shrunk_product
1600064300,FROSTED CHEERIOS,core,59286.0,176842.87,0.19770709498211606,1.0,False,-2.028859937952365,pooled_fallback
4300011470,POST NATURAL RAISIN,core,58679.0,192279.64,0.20049659901589162,1.0,False,-3.2219509300347045,shrunk_product
1600068290,HONEY NUT CHEERIOS,core,58288.0,273048.75,0.1974968768214467,1.0,False,-2.028859937952365,pooled_fallback
3800013900,KELLOGGS RICE KRISPI,core,58254.0,165909.09,0.23811303093760566,1.0,False,-2.7942590178267857,shrunk_product
3828125041,DOM FRUIT RINGS,core,57599.0,126516.67,0.28085593051097535,1.0,True,-2.3207042766631694,shrunk_product
4300010210,POST BLUEBERRY MORNI,core,57046.0,163313.80000000002,0.20152120599728865,1.0,False,-2.028859937952365,pooled_fallback
3800001411,KELLOGGS ALL BRAN,core,56545.0,169657.72,0.22750860107043758,1.0,False,-2.028859937952365,pooled_fallback
3800005220,KELLOGG'S  FUN PAK,core,54881.0,146628.7,0.2048991723243812,0.9885057471264368,False,-2.028859937952365,pooled_fallback
1600068790,MULTI GRAIN CHEERIOS,core,53766.0,195500.16,0.16339447209148064,1.0,False,-0.9608951740122972,shrunk_product
1600068100,BIG G TRAIL SIZE PAL,tail,53628.0,50645.11,0.26519674221262424,0.9540229885057471,False,-2.028859937952365,pooled_fallback
1600068500,BIG G TRAIL SIZE PAL,tail,53413.0,51109.36,0.2746136832470608,0.9540229885057471,False,-2.028859937952365,pooled_fallback
1600065960,TOTAL CORN FLAKES,core,53215.0,175001.28,0.16931685711098798,1.0,False,-1.6832108670656902,shrunk_product
3800002970,KELLOGGS APPLE JACKS,core,52403.0,202699.47,0.23402359447215132,1.0,False,-2.028859937952365,pooled_fallback
3800002720,KLLGG SGR FRSTD MINI,margin builder,51483.0,149183.95,0.2374482215479614,1.0,False,-1.2741748812090956,shrunk_product
1600064670,GM PEANUT BUTTER PUF,core,51225.0,171219.81,0.16792658677754635,1.0,False,-2.028859937952365,pooled_fallback
4300011817,POST ALPHA BITS,margin builder,50896.0,141801.39,0.23017794257164895,1.0,False,-1.90048553069172,shrunk_product
3000006150,QUAKER CINAMON OAT S,core,50731.0,127768.31,0.15895376783961532,1.0,False,-2.900380126973803,shrunk_product
4300018005,NABISCO SHREDDED WHE,core,50142.0,141866.56,0.18275814980640964,1.0,False,-2.028859937952365,pooled_fallback
3828125029,DOM FROSTED FLAKES,core,49078.0,128428.48,0.36598872274280597,1.0,True,-2.409305759206518,shrunk_product
1600094840,GENERAL MILLS BASIC,core,48974.0,164650.06,0.17915385346352136,0.9425287356321839,False,-2.028859937952365,pooled_fallback
1600069820,GEN MLLS FRENCH TOAS,core,48806.0,142996.24,0.24700192143513702,0.9540229885057471,False,-2.028859937952365,pooled_fallback
3800004510,KELLOGG'S CRACKLIN O,core,48216.0,175704.43,0.1892132307648729,1.0,False,-1.6751186635424462,shrunk_product
3800005332,KELLOGGS VARIETY PAC,margin builder,47840.0,155781.32,0.21480832018883905,1.0,False,-1.3518644353467777,shrunk_product
3800016830,KLLG HNY CRUNCH CORN,core,47519.0,160188.25,0.19770865090292203,0.9540229885057471,False,-2.028859937952365,pooled_fallback
3000006140,QUAKER  JUMBO CRUNCH,core,47362.0,142989.34,0.22198943425432974,1.0,False,-2.6099029546678416,shrunk_product
4300012974,FRUITY PEBBLES ON BO,core,46603.0,158705.39,0.20899215924550515,1.0,False,-2.3086963243997207,shrunk_product
3828125069,DOM MAGIC STARS CERE,core,46218.0,110535.27,0.37458161641076193,1.0,True,-2.755757847056533,shrunk_product
3000006300,CAPTAIN CRUNCH JUMBO,core,45627.0,137403.11000000002,0.2158728960428916,1.0,False,-2.162640750841668,shrunk_product
3800008020,MUESLIX RSN ALM CRNC,core,45388.0,153648.28,0.2030265231475419,1.0,False,-2.2156183752655068,shrunk_product
1600068270,BIG G TRIAL SIZE PAL,tail,45223.0,35517.53,0.11035055343093961,0.9540229885057471,False,-2.028859937952365,pooled_fallback
1600065620,G.M. FIBER ONE,core,44946.0,149165.61000000002,0.16856034486099042,1.0,False,-2.028859937952365,pooled_fallback
1600068640,COUNT CHOCULA CEREAL,core,44930.0,155209.68,0.18458503246704716,1.0,False,-0.797168642576946,shrunk_product
1600063830,WHEATIES HONEY GOLD,core,44336.0,132224.87,0.19539582702558148,1.0,False,-1.9462009472905888,shrunk_product
4300012965,COCOA PEBBLES ON BOX,core,42494.0,142530.65,0.1989868060939875,1.0,False,-1.4943611040645566,shrunk_product
79166919305,MULTI BRAN CHEX CERE,core,42002.0,101091.84,0.28286199626003444,0.9540229885057471,False,-2.028859937952365,pooled_fallback
4300012611,POST GRT GRAINS RAIS,core,41477.0,125214.62000000001,0.20928589762920655,1.0,False,-2.028859937952365,pooled_fallback
3800003700,KELLOGS RAISIN SQUAR,margin builder,41454.0,144229.19,0.22492908357871244,1.0,False,-1.5636352671861184,shrunk_product
1600085930,BIG G TRIAL SIZE PAL,tail,41423.0,32787.29,0.11723868279446091,0.9540229885057471,False,-2.028859937952365,pooled_fallback
3828125037,DOM TASTEEO'S,core,41389.0,91058.67,0.47326266543317624,1.0,True,-2.735506852006783,shrunk_product
3800019010,KELLOGG COCOA FRSTD,core,41334.0,91564.42,0.2559820815334166,0.9540229885057471,False,-2.028859937952365,pooled_fallback
1600062680,BERRY BERRY KIX,core,40773.0,116595.7,0.18597096708540709,1.0,False,-3.2482998126842157,shrunk_product
3000006080,QUAKER LIFE CINNAMON,margin builder,40722.0,144936.67,0.2134805685338293,1.0,False,-1.83967799593643,shrunk_product
3000034862,QUAKER COCOA BLASTS,core,40611.0,85017.54,0.27263313265709643,1.0,False,-2.028859937952365,pooled_fallback
3800014700,"KELL HC RAISN, OAT C",core,39984.0,136264.03,0.2208413619133384,1.0,False,-4.057828985421175,shrunk_product
3800090530,KELLOGGS RICE KRISPI,core,39948.0,131764.16,0.2720949688822818,0.9540229885057471,False,-2.028859937952365,pooled_fallback
3800014500,KELL HC MULTI-GRAIN,core,39211.0,137864.48,0.21850422743407147,1.0,False,-3.3686748021200787,shrunk_product
4300018160,POST FROSTED SHREDDE,core,38999.0,114156.33,0.20733423309946983,0.9425287356321839,False,-2.028859937952365,pooled_fallback
3000006720,QUAKER 100% CEREAL H,core,38691.0,145974.41999999998,0.19318046526233845,1.0,False,-2.7003738666580435,shrunk_product
3000006750,QUAKER 100% NATURAL,core,38390.0,152355.47,0.19263728737799832,1.0,False,-2.733959986004647,shrunk_product
1600064310,FROSTED CHEERIOS,core,37563.0,144696.52,0.19355483480874316,0.9885057471264368,False,-2.028859937952365,pooled_fallback
1600068450,CRISPY WHEATS & RAIS,core,36024.0,113089.81,0.20659436904173772,1.0,False,-1.6396948085518075,shrunk_product
1600062760,APPLE CINNAMON CHEER,margin builder,36019.0,144415.66,0.21985001760889367,0.9885057471264368,False,-1.5420313249252733,shrunk_product
1600087030,GM OATMEAL RAISIN CR,core,35829.0,150118.52000000002,0.16542190126174972,0.9885057471264368,False,-2.028859937952365,pooled_fallback
4300010446,POST FRT&FIBRE DATE/,core,35783.0,107120.13,0.19675691798544306,1.0,False,-0.7253343747639017,shrunk_product
3828125117,DOM CRISPY CORN & RI,core,35469.0,81017.52,0.32285131854196475,1.0,True,-2.028859937952365,pooled_fallback
3000034860,$QUAKER SWEET CRUNCH,core,35054.0,73511.72,0.2711561521890659,1.0,False,-2.028859937952365,pooled_fallback
3000034861,QUAKER SWEET PUFFS,core,35031.0,73008.72,0.27165474042004845,1.0,False,-2.028859937952365,pooled_fallback
1600065120,B.C CINN STREUSEL CE,core,34143.0,106825.89,0.21279432503674903,0.9425287356321839,False,-2.028859937952365,pooled_fallback
1600085920,HONEY NUT CLUSTERS,core,33743.0,113187.89,0.16280880980288617,0.8850574712643678,False,-2.028859937952365,pooled_fallback
4300010510,POST GRAPE NUTS,core,32876.0,72162.7,0.19672194967760354,1.0,False,-0.8678303832005863,shrunk_product
3800008220,MUSELIX APPL ALM CRN,core,32493.0,109965.16,0.21687047567611414,1.0,False,-2.2174458889672843,shrunk_product
3800002400,KELLOGGS STRAWBERRY,margin builder,32381.0,112653.66,0.21137709422845205,1.0,False,-0.6905682395745305,shrunk_product
3828125101,DOM LOW FAT GRANOLA,margin builder,32221.0,73632.63,0.4114138030924605,1.0,True,-1.24476282433786,shrunk_product
4300018050,POST SPOON SIZE SHRD,core,31522.0,115489.22,0.19805093959418896,0.9885057471264368,False,-2.028859937952365,pooled_fallback
1600065130,BC DUTCH APPLE CEREA,core,31424.0,93657.5,0.23090371249499508,0.9540229885057471,False,-2.028859937952365,pooled_fallback
4300012601,POST GRT GRAINS CRUN,core,31371.0,94656.76000000001,0.2090490365505855,1.0,False,-2.028859937952365,pooled_fallback
3828125065,DOM HONEY NUT TASTEE,core,29764.0,71675.51,0.3640046479473952,1.0,True,-2.342649656019109,shrunk_product
3000006700,QUAKER 100% CEREAL-O,core,29653.0,113075.36,0.19233334064998778,1.0,False,-2.533910082311485,shrunk_product
3800014600,KELL HC MULTI-GRAIN,core,29599.0,87598.42,0.21969905381855062,1.0,False,-3.7067473411883576,shrunk_product
3800013930,KEL RICE KRISPIES TR,core,29347.0,112525.37,0.22314220631311854,1.0,False,-3.125125751259457,shrunk_product
1600068050,GOLDEN GRAHAMS,core,29331.0,93850.6,0.16721572162564755,0.9885057471264368,False,-2.3391501616342225,shrunk_product
4300010305,POST CRANBERRY ALMON,core,28860.0,80664.83,0.2722831538230478,0.9540229885057471,False,-2.028859937952365,pooled_fallback
1600069320,GOLDEN GRAHAMS,core,28785.0,96614.09,0.19788900694505326,0.8620689655172413,False,-2.028859937952365,pooled_fallback
4300018155,~NABISCO FROSTED WHE,core,27922.0,83696.23,0.18219459521653486,1.0,False,-2.028859937952365,pooled_fallback
4300011862,POST MARSHMALLO ALPH,margin builder,26780.0,75436.06,0.23588458389793956,0.9770114942528736,False,-1.393319658224217,shrunk_product
3800010401,KELLOGGS NUTRI GRAIN,core,26308.0,73981.72,0.19848518463750237,1.0,False,-1.819754633448016,shrunk_product
3000006190,QUAKER PUFFED RICE,tail,26153.0,53544.77,0.15663145095216582,0.9770114942528736,False,-0.7422662745944452,shrunk_product
1600068920,GENERAL MILLS KABOOM,tail,25251.0,54243.939999999995,0.16222254163322208,0.9655172413793104,False,-1.8828519463848472,shrunk_product
1600064840,BASIC 4,core,24882.0,83691.04000000001,0.16883484760136808,0.9655172413793104,False,-2.028859937952365,pooled_fallback
3800013730,KELLOGG'S LOW FAT GR,core,24367.0,90812.61,0.3350663635479698,0.9540229885057471,False,-2.028859937952365,pooled_fallback
1600067400,TRIX,core,23667.0,96892.56,0.18848961811928597,0.9885057471264368,False,-0.7056311520278826,shrunk_product
3828125121,DOM COCOA CRUNCHIES,core,23632.0,60115.03,0.3674396697132148,0.9885057471264368,True,-2.028859937952365,pooled_fallback
3828125061,DOM APPLE CINNAMON T,tail,23528.0,55493.53,0.35670796995613724,1.0,True,-2.661085369035507,shrunk_product
1862702345,KASHI PUFFED CEREAL,tail,23104.0,37370.28,0.18834347377113578,0.9770114942528736,False,-2.028859937952365,pooled_fallback
1600065110,GM N.V LOWFAT GRANOL,core,22169.0,83593.67,0.16088880635339972,1.0,False,-2.028859937952365,pooled_fallback
1600067720,BIG G TRAIL SIZE PAL,tail,21830.0,21060.75,0.2794908542193416,0.9540229885057471,False,-2.028859937952365,pooled_fallback
3800004100,KELLOGGS JUST RT FRT,core,21789.0,85112.31,0.4050129030336505,0.9540229885057471,False,-2.028859937952365,pooled_fallback
1600068350,TOTAL RAISIN BRAN,core,20873.0,73447.68000000001,0.19425694506620222,0.896551724137931,False,-2.028859937952365,pooled_fallback
3000006410,QUAKER PUFFED WHEAT,tail,20689.0,42797.03,0.16522569173608542,0.9885057471264368,False,-2.028859937952365,pooled_fallback
3800013710,KELLOGGS LOWFAT GRAN,core,20416.0,76846.87,0.17139607238395008,0.9885057471264368,False,-3.507845174195368,shrunk_product
3800004170,KELLOGGS JUST RT FRT,core,19763.0,77792.74,0.17325110314921416,0.9885057471264368,False,-2.5105027585943644,shrunk_product
3828125001,DOM OAT HONEY,tail,19507.0,41078.11,0.4086967651140717,1.0,True,-1.416416923214456,shrunk_product
3828125005,DOM OAT HON RAISIN,tail,19275.0,40509.88,0.4063930971160616,1.0,True,-1.9533948281494449,shrunk_product
3828125113,DOM CRISP CRUNCH,tail,17584.0,41735.090000000004,0.3128029863838798,0.9885057471264368,True,-2.028859937952365,pooled_fallback
1600084320,FROSTED CHEERIOS,core,17374.0,69704.77,0.33116325554190906,0.9540229885057471,False,-2.028859937952365,pooled_fallback
1600065920,GENERAL MILLS CLUSTE,tail,17168.0,57679.44,0.1678498689654407,0.9655172413793104,False,-2.028859937952365,pooled_fallback
3828125109,DOM APPLE DAPPLES,tail,17153.0,46476.3,0.2952493352095584,1.0,True,-2.028859937952365,pooled_fallback
1600097140,GM OATML RSN CRSP AL,tail,17062.0,56548.119999999995,0.16570187776357553,0.8505747126436781,False,-2.028859937952365,pooled_fallback
1600097110,GM OATML RSN CRSP AP,tail,16037.0,53379.52,0.16927910923515238,0.8620689655172413,False,-2.028859937952365,pooled_fallback
3800013800,KELLOGG'S L/F GRANOL,tail,15272.0,40760.27,0.20470183487498977,0.9885057471264368,False,-1.338430322564289,shrunk_product
3000034855,$QUAKER APPLE ZAPS,tail,15042.0,32375.86,0.26943200344330626,0.9885057471264368,False,-2.028859937952365,pooled_fallback
1600068310,GM TOTAL RAISIN BRAN,tail,13700.0,40871.67,0.1727901799216915,0.9540229885057471,False,-2.078624603580092,shrunk_product
79166910537,~RASPBERRY ALMOND MU,tail,13268.0,43089.05,0.19636093552770367,0.9885057471264368,False,-2.028859937952365,pooled_fallback
3800013830,KLLG LWFT GRANOLA W/,tail,12449.0,46278.22,0.308931219588826,0.7701149425287356,False,-2.028859937952365,pooled_fallback
3000004350,CAP'N CRUNCH CHRISTM,tail,11620.0,32077.090000000004,0.3095042509778786,0.8850574712643678,False,-2.028859937952365,pooled_fallback
1600097980,GM OATML RSN CRSP RA,tail,11153.0,36722.04,0.15991306577739145,0.7241379310344828,False,-2.028859937952365,pooled_fallback
3000034863,QKR BAGGED CEREAL-FR,tail,10797.0,21486.03,0.2462,0.9310344827586207,False,-2.028859937952365,pooled_fallback
3800070533,KELLOGG'S VALENTINE,tail,10561.0,32229.34,-0.08981633896319319,0.8850574712643678,False,-2.028859937952365,pooled_fallback
1600087140,GM OATMEAL CRISP W/A,tail,9843.0,32451.039999999997,0.16440280222143883,0.9655172413793104,False,-2.028859937952365,pooled_fallback
3800010601,~NUTRI GRAIN ALMOND,tail,9467.0,34831.48,0.1472536753821543,0.9885057471264368,False,-2.111512104662673,shrunk_product
1600081570,GM JURASSIC CRUNCH C,tail,9415.0,23537.5,0.1804,0.9310344827586207,False,-2.028859937952365,pooled_fallback
1600087110,BIG G OATMEAL CRISP,tail,8613.0,28390.469999999998,0.167230023560723,0.9540229885057471,False,-2.028859937952365,pooled_fallback
3800000900,KELLOGGS APPLE CINNA,tail,8498.0,29662.969999999998,0.2187313255887728,0.5287356321839081,False,-0.588165104967926,shrunk_product
1780019266,RALSTON CORN CHEX,tail,8493.0,21234.33,0.3040625801708836,0.9195402298850575,False,-1.696559244286981,shrunk_product
3828125125,DOM FROSTED TASTEEO',tail,8168.0,19667.16,0.3408841168221543,0.9885057471264368,True,-2.028859937952365,pooled_fallback
3800016500,~KEL TEMP HNY RSTD P,tail,7903.0,26931.49,0.1382537416979157,0.9770114942528736,False,-2.028859937952365,pooled_fallback
79166910359,~MUESLI W/ CRANBERRI,tail,7770.0,22667.38,0.20018515386427546,0.9540229885057471,False,-2.028859937952365,pooled_fallback
79166910605,~MUESLI STRAWBERRY P,tail,7754.0,22480.29,0.15041040813975262,0.9540229885057471,False,-2.028859937952365,pooled_fallback
4300010910,POST GRAPE NUT FLAKE,tail,7427.0,22206.43,0.19998916665128075,0.9540229885057471,False,-2.028859937952365,pooled_fallback
1862702349,HONEY PUFFED KASHI,tail,7399.0,21146.04,0.2720102308517339,0.9195402298850575,False,-2.028859937952365,pooled_fallback
4300018032,~NABISCO 100% BRAN,tail,7164.0,21467.329999999998,0.17691011029317574,0.9080459770114943,False,-2.028859937952365,pooled_fallback
3800016400,~KEL TEMPTATION FR V,tail,6758.0,23142.66,0.14234977552277914,0.9770114942528736,False,-2.028859937952365,pooled_fallback
5200034847,POPEYE PUFFED RICE,tail,6585.0,5170.86,0.1741023079333032,0.9080459770114943,False,-0.9537746537208144,shrunk_product
5200034844,POPEYE PUFFED WHEAT,tail,6477.0,4612.4400000000005,0.18344183989385224,0.8390804597701149,False,-1.017538578132966,shrunk_product
3800005231,KELLOGG'S FUN PAK,tail,5981.0,16010.470000000001,0.2330987245221408,0.9080459770114943,False,-1.0080607551205574,shrunk_product
1600064360,BIG G BREAKFAST PACK,tail,5725.0,15850.210000000001,0.16590424511725713,0.4827586206896552,False,-1.0480356033055482,shrunk_product
4300010934,POST GRAPENUT FLAKES,tail,5550.0,16227.86,0.27522277219547125,0.26436781609195403,False,-2.028859937952365,pooled_fallback
3800003530,KELLOGG'S CRISPIX,tail,5530.0,16827.120000000003,0.5339758971826433,0.9195402298850575,False,-2.028859937952365,pooled_fallback
1780018270,RALSTON RICE CHEX,tail,5386.0,14876.2,0.26680204548204517,0.9195402298850575,False,-1.801223576276502,shrunk_product
3800000101,~KELLOGGS CORN FLAKE,tail,5326.0,7235.91,0.17510122942380432,0.7126436781609196,False,-2.028859937952365,pooled_fallback
4300010200,POST BLUEBERRY MORNI,tail,5139.0,19570.38,0.1649734264229923,0.9195402298850575,False,-3.046840054856061,shrunk_product
3000007840,QUAKER OH'S HONEY GR,tail,5100.0,15249.000000000002,0.4682,0.9195402298850575,False,-1.1905418791935063,shrunk_product
3000001680,QUAKER RTE OAT BRAN,tail,4973.0,17865.37,0.18153694969653583,0.19540229885057472,False,-1.4902465669467293,shrunk_product
79166910113,~SPIDERMAN CEREAL,tail,4960.0,17713.37,0.20248769776727973,0.9770114942528736,False,-2.028859937952365,pooled_fallback
1780015011,RALSTON/WHEAT CHEX,tail,4706.0,12039.7,0.3367844597456747,0.9195402298850575,False,-1.470803520355452,shrunk_product
3800004530,KELLOGGS CRACKLIN OA,tail,4473.0,16293.01,0.4681122809720242,0.9425287356321839,False,-2.028859937952365,pooled_fallback
4300010300,POST GOLDEN RAISIN C,tail,4275.0,15611.35,0.20133059613678508,0.9195402298850575,False,-2.028859937952365,pooled_fallback
1600064400,GENERAL MILLS SUN CR,tail,4147.0,10965.5,0.24370743604942774,0.9195402298850575,False,-2.028859937952365,pooled_fallback
3000006020,~HOME RUN CRUNCH,tail,3489.0,11788.94,0.33066959183777334,0.8735632183908046,False,-2.028859937952365,pooled_fallback
3800016310,KEL POP TART FRST ST,tail,3382.0,11872.86,0.16564635016331364,0.9540229885057471,False,-2.028859937952365,pooled_fallback
4300011653,~POST BAN NUT CRUNCH,tail,2929.0,12197.28,0.3418038984921228,0.9080459770114943,False,-2.028859937952365,pooled_fallback
3800008800,KELLOGGS BLUEBERRY S,tail,2912.0,10067.74,0.17643080472876732,0.19540229885057472,False,-1.4515509584949355,shrunk_product
4300011410,POST RAISIN BRAN,tail,2767.0,6574.66,0.17764118600809775,0.13793103448275862,False,-1.1525736052154003,shrunk_product
1600087980,OATMEAL CRISP W/RAIS,tail,2621.0,8651.66,0.16809028637278856,0.5862068965517241,False,-2.028859937952365,pooled_fallback
3828125030,~DOM BONUS PACK FR,tail,2425.0,5147.110000000001,0.16972207102626521,0.8620689655172413,False,-2.028859937952365,pooled_fallback
1600065400,SMORES CRUNCH CEREAL,tail,2401.0,8842.09,0.20657941233350938,0.08045977011494253,False,-1.0795447585329023,shrunk_product
1600085970,~RAISIN NUT BRAN,tail,2205.0,6399.780000000001,0.17882473897540227,0.40229885057471265,False,-2.028859937952365,pooled_fallback
3800013700,~KELLOGG LOWFAT GRAN,tail,1945.0,5676.08,0.30968223633211656,0.9195402298850575,False,-1.3627067468579948,shrunk_product
3800013600,~KELLOGG FROSTED BRA,tail,1806.0,6767.349999999999,0.16464976216687477,0.896551724137931,False,-2.1670201134246727,shrunk_product
1313018155,~NABISCO FROSTED WHE,tail,1787.0,6225.15,0.16504220733636943,0.9195402298850575,False,-2.8280403234237363,shrunk_product
3800001500,KELLOGGS SUGAR FROST,tail,1742.0,4225.3,0.17583499869831729,0.11494252873563218,False,-2.028859937952365,pooled_fallback
4300010713,~POST TOASTIES,tail,1705.0,4337.49,0.353940269372379,0.9195402298850575,False,-2.7707004963549973,shrunk_product
1780018982,COOKIE CRISP CHOCOLA,tail,1658.0,5720.59,0.2529474903812369,0.9080459770114943,False,-2.292862106771097,shrunk_product
1600064450,BIG G SPRINKLE SPANG,tail,1627.0,4494.99,0.17073507527269252,0.8735632183908046,False,-2.028859937952365,pooled_fallback
1780010537,~RASPBERRY ALMOND MU,tail,1620.0,4410.64,0.233088424809098,0.9195402298850575,False,-1.9726162787670407,shrunk_product
4300010442,POST FRUIT & FIBRE P,tail,1608.0,5546.88,0.16902126348505825,0.9195402298850575,False,-2.028859937952365,pooled_fallback
3800004270,KLG JST RT FIBER NGT,tail,1555.0,5701.85,0.17901990389084244,0.26436781609195403,False,-0.3306375007685837,shrunk_product
1600069750,~TEAM USA CHERRIOS (,tail,1484.0,3458.5699999999997,0.12800518711490588,0.3333333333333333,False,-2.028859937952365,pooled_fallback
3800014400,~KELL APPLE CIN RICE,tail,1463.0,5136.89,0.17378835560037298,0.896551724137931,False,-3.1467992168806567,shrunk_product
3000006860,QKR CRNCHY CORN BRAN,tail,1258.0,3347.5499999999997,0.18219398365969142,0.19540229885057472,False,-1.3344603036149405,shrunk_product
3800003301,KELLOGGS FRUITY MRSH,tail,1025.0,4089.7500000000005,0.19039999999999999,0.1724137931034483,False,-2.028859937952365,pooled_fallback
1780010605,~MUESLI STRAWBERRY P,tail,980.0,2472.33,0.25355936303001625,0.9080459770114943,False,-2.028859937952365,pooled_fallback
3800014910,KEL POP TART BS/CINN,tail,645.0,2251.4500000000003,0.16626745297474957,0.9080459770114943,False,-2.028859937952365,pooled_fallback
3800000401,KELLOGGS NUT & HONEY,tail,636.0,2526.19,0.1666753134166472,0.1724137931034483,False,-1.3317812445679762,shrunk_product
1780010359,~MUESLI W/ CRANBERRI,tail,598.0,1398.8,0.24580498570203033,0.735632183908046,False,-1.897971077461381,shrunk_product
2430003165,SUNBELT GRANOLA CERE,tail,538.0,1070.62,0.24870000000000003,0.13793103448275862,False,-2.028859937952365,pooled_fallback
2430003155,SUNBELT BERRY BASIC,tail,530.0,1319.7,0.2489,0.12643678160919541,False,-2.028859937952365,pooled_fallback
2430003175,SUNBELT MUESLI CEREA,tail,496.0,987.04,0.2487,0.13793103448275862,False,-2.028859937952365,pooled_fallback
3000006570,QUAKER JUMBO OAT SQU,tail,337.0,1427.03,0.17106345977309517,0.08045977011494253,False,-0.5593900770888296,shrunk_product
1600062370,$ GEN MILLS TRIPLES,tail,231.0,644.49,0.2043,0.13793103448275862,False,-2.0975918040112416,shrunk_product
5571206700,WEETABIX WHL WHT CER,tail,224.0,390.98,0.30097498849045984,0.011494252873563218,False,-2.028859937952365,pooled_fallback
4300012560,~PST BRN'NOLA W/RSNS,tail,224.0,771.36,0.16648556316116986,0.5172413793103449,False,-3.326901240767068,shrunk_product
3000020123,MOTHER'S OAT BRAN HO,tail,208.0,517.9200000000001,0.30079999999999996,0.5402298850574713,False,-2.028859937952365,pooled_fallback
3800001631,KELLOGG'S SPEC-K-HAN,tail,181.0,541.19,0.1929,0.08045977011494253,False,-2.028859937952365,pooled_fallback
3000006870,QUAKER CRUNCHY BRAN,tail,165.0,328.35,0.2211,0.034482758620689655,False,-2.028859937952365,pooled_fallback
1600064380,GENERAL MILLS SUN CR,tail,159.0,409.27,0.26418449678696215,0.4482758620689655,False,-2.028859937952365,pooled_fallback
1780014986,RALSTON DOUBLE CHEX,tail,146.0,477.42,0.166,0.034482758620689655,False,-2.137837490689018,shrunk_product
4300011780,$POST GOLDEN CRISP 1,tail,74.0,73.26,-0.6555,0.011494252873563218,False,-2.028859937952365,pooled_fallback
1780013709,~RALSTON GRAHAM CHX,tail,73.0,243.99,0.21606195745727283,0.04597701149425287,False,-1.9422947106538144,shrunk_product
1313001059,NABISCO WHEAT N BRAN,tail,67.0,245.33,0.2454294215954021,0.3448275862068966,False,-1.948889765051228,shrunk_product
1862702346,KASHI MEDLEY CEREAL,tail,67.0,177.95,0.22206147794324252,0.26436781609195403,False,-2.028859937952365,pooled_fallback
1600067030,OATMEAL RAISIN CRISP,tail,63.0,265.05,0.17468013959630257,0.367816091954023,False,-1.3203906258995817,shrunk_product
1600065990,GM RAISIN NUT BRAN,tail,62.0,244.0,0.17923223360655738,0.2413793103448276,False,-1.5789204774747607,shrunk_product
1600067140,OATMEAL CRISP WITH A,tail,61.0,200.5,0.16856507730673315,0.25287356321839083,False,-2.054487264515939,shrunk_product
79166913217,$ALMOND DELIGHT CERE,tail,59.0,170.68,-0.07847537497070542,0.06896551724137931,False,-2.028859937952365,pooled_fallback
1600065910,GENERAL MILLS CLUSTE,tail,57.0,192.95000000000002,0.1794828712101581,0.20689655172413793,False,-1.3342871134481442,shrunk_product
1600067110,BIG G OATMEAL CRISP,tail,54.0,179.14,0.17584739310036843,0.26436781609195403,False,-1.8815627276310487,shrunk_product
1313000054,NAB SPOON SIZE SHRED,tail,47.0,174.1,0.18751140149339462,0.25287356321839083,False,-1.7446245096325546,shrunk_product
1313000005,NABISCO SHREDDED WHE,tail,36.0,109.76,0.17166061406705538,0.16091954022988506,False,-2.4633164602882327,shrunk_product
3800013400,~KELLOGGS CINN MINI,tail,36.0,137.07999999999998,0.16221304347826088,0.04597701149425287,False,-3.1901417611284693,shrunk_product
1600064820,BASIC 4,tail,28.0,94.7,0.17650121436114047,0.12643678160919541,False,-2.075302620259486,shrunk_product
1313000032,NABISCO 100% BRAN,tail,27.0,85.13,0.1634714319276401,0.1724137931034483,False,-1.6166544890475802,shrunk_product
1600065980,RAISIN NUT BRAN,tail,20.0,57.64,0.16942637057598886,0.08045977011494253,False,-1.1589292237764337,shrunk_product
1600063110,~RIPPLE CRISP-GOLDEN,tail,18.0,46.62,0.08449999999999999,0.034482758620689655,False,-3.4356326357814866,shrunk_product
3828125035,HH RAISIN BRAN,tail,16.0,39.96,0.25248363363363363,0.06896551724137931,False,-2.028859937952365,pooled_fallback
5537050730,LIFESTREAM FRT & NUT,tail,14.0,50.26,0.2618,0.08045977011494253,False,-2.028859937952365,pooled_fallback
1600063100,~RIPPLE CRISP HONEY-,tail,14.0,37.66,0.1185,0.034482758620689655,False,-3.7515730364332542,shrunk_product
1780019541,RALSTON CORN CHEX,tail,12.0,37.4,0.18295462566844922,0.05747126436781609,False,-2.028859937952365,pooled_fallback
4165345678,UNCLE SAM CEREAL,tail,9.0,19.009999999999998,0.34772614413466596,0.034482758620689655,False,-2.028859937952365,pooled_fallback
317,$TONY THE TIGER T-SH,tail,6.0,61.66,0.42851519623743106,0.05747126436781609,False,-2.028859937952365,pooled_fallback
5537050440,LFSTREAM BRY GRANOLA,tail,4.0,14.219999999999999,0.25452151898734177,0.011494252873563218,False,-2.028859937952365,pooled_fallback
9166912111,SUNFLAKES CEREAL,tail,2.0,6.98,0.2836,0.011494252873563218,False,-2.028859937952365,pooled_fallback
1600068330,TOTAL RAISIN BRAN,tail,2.0,9.120000000000001,0.1880890350877193,0.022988505747126436,False,-1.6638563297003883,shrunk_product
3800000640,~KELL COMPLETE BRAN,tail,1.0,2.59,0.2671,0.011494252873563218,False,-2.028859937952365,pooled_fallback
3800091527,KELLOGGS BRTHDY CONF,tail,1.0,3.98,0.1959,0.011494252873563218,False,-2.028859937952365,pooled_fallback
1600066820,H.N. CHEERIOS BND PK,tail,1.0,4.59,0.305,0.011494252873563218,False,-2.028859937952365,pooled_fallback
1600066970,OATMEAL CRISP W/RAIS,tail,1.0,3.39,0.1943,0.011494252873563218,False,-1.226305522617001,shrunk_product
4300012600,POST GREAT GRAINS DB,tail,1.0,3.62,0.17620000000000002,0.011494252873563218,False,-2.472077790456611,shrunk_product
